,Rental_Price
2788,2700.0
4310,2150.0
1139,2730.0
3799,1600.0
647,1880.0
3961,2400.0
646,2200.0
3559,2400.0
3335,2000.0
1138,2600.0
2055,1700.0
2109,2400.0
416,2800.0
1734,2600.0
1984,2500.0
2637,2850.0
1282,2100.0
1159,2400.0
1901,2300.0
2258,2600.0
1631,1500.0
2036,2500.0
4261,1800.0
2376,3100.0
0,2300.0
4703,1900.0
1329,2200.0
2884,2100.0
3069,2630.0
2113,2700.0
36,3100.0
960,2250.0
2232,2000.0
4146,1700.0
2851,2630.0
2424,2000.0
1186,1750.0
3075,1900.0
4681,1650.0
2419,2500.0
225,2000.0
331,2200.0
3036,2650.0
2083,2000.0
2280,1800.0
2956,2800.0
502,2200.0
246,2100.0
2668,2500.0
4197,1600.0
2439,2300.0
749,2000.0
1273,2000.0
4470,1900.0
4347,1800.0
3054,3400.0
4328,1300.0
2774,2550.0
3786,1800.0
3154,2450.0
2495,2200.0
1764,2400.0
4735,1200.0
881,2300.0
634,1800.0
2913,1700.0
2755,1650.0
3797,2000.0
2849,2850.0
1694,2300.0
3704,1950.0
4598,2500.0
364,2100.0
1381,2000.0
2470,2400.0
1620,2200.0
2413,2300.0
2570,2200.0
4604,1400.0
368,2000.0
3744,2400.0
2348,2100.0
3803,1780.0
2386,1850.0
4306,1550.0
1776,1750.0
3861,2400.0
2062,2800.0
78,2600.0
4530,2150.0
3364,2100.0
3299,2400.0
3381,1950.0
2323,2000.0
3927,2000.0
1536,2050.0
204,2500.0
4571,1500.0
1951,2100.0
3888,2000.0
1384,2550.0
4341,2100.0
3719,2300.0
2640,2650.0
2708,2800.0
2015,1500.0
3995,2000.0
3639,2180.0
950,2000.0
1286,2100.0
1261,2500.0
3181,2900.0
3787,2250.0
3664,2200.0
4568,2000.0
1731,1750.0
3141,2150.0
888,2100.0
2566,2500.0
3242,2900.0
469,1650.0
62,3200.0
4715,1700.0
3687,1600.0
1080,2000.0
4437,1950.0
458,2200.0
1067,2600.0
1682,2200.0
2531,2200.0
1769,1800.0
536,2100.0
2265,2400.0
233,1900.0
3674,1750.0
1861,2400.0
4645,2000.0
1672,2050.0
3472,2200.0
37,2200.0
4440,1500.0
199,2430.0
1999,2050.0
2970,2480.0
1025,2200.0
981,1850.0
3034,2000.0
2912,3000.0
4622,1800.0
4012,1900.0
2183,2400.0
3596,2100.0
1511,1900.0
2501,2600.0
1084,2450.0
827,1650.0
258,2100.0
1637,1800.0
4205,1440.0
3938,1500.0
2604,2700.0
2090,1800.0
4424,1500.0
1142,1800.0
1864,2400.0
2437,2700.0
4378,1500.0
1850,2600.0
2859,2050.0
2902,2100.0
3066,2700.0
797,2100.0
2835,1700.0
2355,2400.0
1403,1900.0
2779,2000.0
2617,2150.0
2230,2500.0
1687,1400.0
1530,2000.0
3070,3000.0
2500,2420.0
1650,1700.0
3508,2250.0
1839,2000.0
2506,2700.0
4272,1900.0
814,1900.0
3321,2800.0
312,2330.0
3588,1900.0
2010,2300.0
4676,1200.0
4267,1850.0
2572,3200.0
1448,2000.0
1868,1650.0
1540,2250.0
768,2000.0
1539,1800.0
2811,2500.0
304,2450.0
4231,2000.0
2507,2000.0
2898,2400.0
3644,2700.0
4201,2000.0
2905,2900.0
3611,2600.0
3259,2000.0
747,2500.0
4342,2500.0
2750,2600.0
1931,2600.0
2334,2400.0
750,2100.0
792,2200.0
889,2200.0
1594,1900.0
847,1900.0
3627,2300.0
1191,2000.0
1846,2200.0
2467,2750.0
4289,1400.0
3090,2800.0
3401,2000.0
1882,1800.0
790,1800.0
2005,2300.0
4145,1450.0
3108,2800.0
2372,1850.0
4582,1300.0
658,1800.0
2204,3000.0
1231,1800.0
4610,1730.0
453,1900.0
3965,2000.0
2009,2100.0
1431,2000.0
3199,2430.0
1500,2000.0
3193,2600.0
2731,2500.0
4111,1600.0
4220,1400.0
3286,2100.0
3327,2700.0
2819,2250.0
1193,2390.0
2490,2200.0
2962,2800.0
1916,1800.0
2936,1800.0
1178,2600.0
2684,2000.0
3205,2900.0
4059,1700.0
842,1800.0
60,3000.0
1953,2450.0
2953,2800.0
2959,2630.0
332,2100.0
26,3200.0
718,1750.0
1967,2000.0
3700,2100.0
2257,2400.0
3267,2700.0
4221,1730.0
1374,2000.0
1007,1900.0
2599,2450.0
3161,2700.0
3410,1800.0
221,2700.0
461,2500.0
726,2500.0
273,2460.0
3589,2300.0
4187,1500.0
3144,2940.0
2601,2000.0
4473,2000.0
542,2350.0
3467,2950.0
1110,2200.0
209,2200.0
2945,2700.0
3220,2600.0
3887,1850.0
2798,2500.0
3004,2750.0
1123,1700.0
944,1800.0
3494,1800.0
4770,1500.0
420,2200.0
730,2000.0
4448,1600.0
1358,2400.0
4561,1800.0
2650,2650.0
425,2400.0
1597,2200.0
1382,2100.0
2114,3000.0
1162,2230.0
3924,1400.0
891,2500.0
3755,2500.0
146,3200.0
1900,2150.0
3765,2100.0
1625,2000.0
677,2100.0
210,2400.0
262,2500.0
2169,1850.0
2119,2050.0
2592,2200.0
742,1900.0
1867,2500.0
2869,3000.0
4405,1800.0
1555,1750.0
1435,1700.0
1226,2150.0
1124,2100.0
3731,2000.0
4759,1500.0
376,2300.0
1732,2100.0
4709,1600.0
538,2050.0
3741,2200.0
1255,2000.0
2423,2700.0
2438,1950.0
1841,2300.0
1220,2500.0
1754,2100.0
1292,2200.0
1844,1700.0
2465,2000.0
289,2100.0
1564,1600.0
4425,2200.0
1120,1800.0
4018,1500.0
2769,2100.0
706,2300.0
705,2100.0
189,2350.0
3271,2450.0
758,1900.0
3671,2000.0
1966,2180.0
1851,1480.0
3584,2500.0
3303,2000.0
556,2150.0
586,2650.0
4584,1800.0
650,1700.0
2907,2450.0
4299,2000.0
1719,2000.0
3353,2900.0
2836,2000.0
3326,2600.0
2105,2300.0
743,2400.0
1720,2100.0
1342,1900.0
1906,1900.0
822,2350.0
510,2000.0
3485,2700.0
4670,1700.0
4041,1750.0
1347,2000.0
4323,1900.0
2882,2680.0
387,2000.0
3130,3000.0
2899,2300.0
1222,1500.0
1108,1750.0
2822,2350.0
1399,1800.0
4754,1800.0
1740,2400.0
3875,1700.0
905,2300.0
2238,2350.0
1380,1900.0
4274,1500.0
4194,1700.0
3829,2200.0
4602,1550.0
4554,2000.0
2292,2880.0
2580,2400.0
1251,2600.0
592,2200.0
2564,2400.0
4216,1600.0
1000,2400.0
1208,1700.0
3399,2300.0
215,2100.0
429,2200.0
4395,1800.0
911,1700.0
3566,2400.0
1338,2200.0
355,2000.0
2178,2400.0
4247,1600.0
4366,1940.0
426,2860.0
617,2100.0
990,2330.0
38,2900.0
3128,2500.0
203,2330.0
2939,2450.0
3915,1520.0
1305,1700.0
3363,2650.0
1297,1600.0
4110,1900.0
198,2200.0
2245,2000.0
2056,2100.0
4607,1600.0
104,2600.0
2344,2500.0
1542,1600.0
2513,2450.0
406,2300.0
4314,1600.0
4218,1530.0
1148,1800.0
4020,2000.0
4387,2040.0
640,2250.0
1516,2500.0
1355,1700.0
2642,2100.0
1440,2200.0
4743,1000.0
4767,1600.0
1807,2500.0
1259,1900.0
2598,2000.0
1559,2300.0
2821,2250.0
4006,1700.0
4535,1730.0
3892,2300.0
2657,2200.0
1862,1750.0
200,2300.0
330,2000.0
2824,2000.0
2923,2700.0
2948,2700.0
3680,1700.0
1543,1900.0
3347,2300.0
3798,2380.0
3774,1900.0
2082,2200.0
1116,1700.0
459,1880.0
1873,2600.0
222,2000.0
3505,2600.0
2542,2400.0
2806,2700.0
1833,2950.0
409,2600.0
1649,2200.0
4666,1150.0
3124,2400.0
1331,1900.0
724,1850.0
2652,2300.0
3645,1950.0
3594,2650.0
1043,2250.0
3923,2630.0
1925,1800.0
96,3500.0
1726,2600.0
4308,1500.0
3100,2200.0
4070,2100.0
2479,2700.0
3897,2200.0
1848,1800.0
1613,2000.0
4177,1800.0
2625,2650.0
4700,1630.0
3409,2800.0
2333,2200.0
3723,2300.0
1420,2250.0
773,1940.0
3079,2500.0
1639,2100.0
3377,2450.0
633,1500.0
4,2800.0
936,2100.0
3976,2200.0
2129,2100.0
2002,2000.0
2227,2780.0
3301,2400.0
2412,2100.0
423,2700.0
2530,2650.0
2817,3200.0
1177,1900.0
2672,2800.0
1800,1900.0
916,2150.0
2504,2350.0
1487,2000.0
4504,1500.0
3001,2050.0
904,1800.0
486,2650.0
1977,1800.0
1571,2500.0
2796,2700.0
3369,2600.0
3444,2700.0
2888,2400.0
2188,1850.0
923,2000.0
1129,2400.0
1348,1800.0
2269,2500.0
4167,1800.0
1600,1700.0
3552,2400.0
66,3200.0
2818,2200.0
4297,1700.0
1322,2200.0
1876,1800.0
1470,2000.0
55,2870.0
1836,2100.0
1237,1600.0
1813,2150.0
3191,1850.0
3619,2000.0
4386,1700.0
918,1900.0
1364,1800.0
342,2400.0
1943,1800.0
2370,3100.0
2780,2200.0
4127,1500.0
100,2350.0
4566,1700.0
794,1800.0
4690,1800.0
621,2200.0
2977,2300.0
2067,2600.0
2622,2200.0
4567,1850.0
1573,2000.0
2843,2000.0
1209,2000.0
576,1800.0
1192,2200.0
939,2300.0
2017,2000.0
721,1800.0
3518,2500.0
2289,2000.0
3536,2500.0
3771,2230.0
23,3000.0
919,2400.0
850,2550.0
1154,2300.0
4649,1250.0
2084,2000.0
329,1600.0
1263,1800.0
2093,2500.0
1202,1800.0
236,1900.0
4434,1900.0
1284,1800.0
4640,1400.0
3263,2500.0
1792,2750.0
1958,1800.0
3615,2000.0
527,2300.0
1363,1700.0
4379,1700.0
3984,1500.0
4115,1800.0
2152,1980.0
1042,2000.0
3320,2400.0
1725,2300.0
2561,2700.0
412,2000.0
4042,1950.0
2043,2100.0
1933,1800.0
2165,2200.0
2066,2000.0
1304,1500.0
3737,2400.0
1935,2200.0
932,1900.0
4756,1200.0
2555,2600.0
2150,2500.0
3822,2050.0
1677,2200.0
2792,2800.0
10,2650.0
3498,2400.0
2914,2100.0
2241,2050.0
1047,2500.0
3115,2720.0
3008,1950.0
631,2300.0
1892,2000.0
2954,2000.0
3211,2500.0
2491,2980.0
793,1650.0
180,2870.0
396,2400.0
2335,2000.0
2550,2250.0
1058,2080.0
228,2500.0
3729,2280.0
400,2700.0
2844,2480.0
2486,2400.0
1603,2400.0
477,1800.0
384,2500.0
3014,3300.0
997,2180.0
837,2100.0
1170,1800.0
1061,1480.0
714,2030.0
1051,2300.0
407,2500.0
759,2400.0
1772,1600.0
1219,1900.0
2522,2400.0
3084,2200.0
4466,1700.0
4151,1640.0
2099,2000.0
2823,2600.0
3601,2300.0
1877,1900.0
4657,1200.0
4541,1900.0
676,1800.0
1438,2300.0
2428,2000.0
4165,1930.0
275,2100.0
290,2250.0
4300,1500.0
4629,1800.0
3726,2280.0
4174,1900.0
2552,2600.0
3974,1600.0
1062,1750.0
2559,2780.0
3568,2000.0
2448,2550.0
1491,2000.0
3625,2400.0
4447,1200.0
3044,3000.0
845,2050.0
3129,2200.0
2829,2400.0
989,2100.0
4549,1700.0
3818,2080.0
915,2000.0
3631,1800.0
2781,2300.0
4544,1400.0
4411,2000.0
4669,1500.0
1264,1900.0
1834,1850.0
865,1800.0
3021,2300.0
4377,1800.0
4370,2000.0
4122,1980.0
136,2800.0
4124,1800.0
3831,1500.0
4196,1400.0
2597,2500.0
3516,2300.0
1921,2000.0
4353,1650.0
645,2100.0
2007,2600.0
1353,2200.0
4280,1600.0
4460,1500.0
1474,1900.0
4694,1630.0
3184,1950.0
550,1530.0
2094,1950.0
1332,2400.0
508,2530.0
1064,2030.0
1422,1850.0
2618,2300.0
4206,1800.0
182,2400.0
3098,2400.0
2155,2100.0
2745,2500.0
3654,2030.0
4091,1800.0
831,1700.0
3061,2000.0
3020,2950.0
4030,1800.0
1405,2300.0
681,2250.0
808,2100.0
506,1800.0
2717,2000.0
196,2700.0
1115,1400.0
3203,2500.0
3117,2400.0
4499,2350.0
1175,1800.0
1176,1900.0
3413,1800.0
832,2000.0
7,3200.0
2868,2750.0
4273,1400.0
3972,2200.0
260,2800.0
2984,2500.0
2440,2500.0
2553,2000.0
4749,1700.0
2408,2200.0
522,2750.0
4374,1750.0
4344,1680.0
268,1900.0
3279,2400.0
2814,2350.0
4753,1500.0
1667,1900.0
1243,2300.0
4748,1400.0
1032,1800.0
3247,2400.0
276,2600.0
124,3000.0
664,1950.0
4680,1400.0
4734,1400.0
2799,2700.0
1514,2200.0
643,2400.0
3099,3000.0
1398,2580.0
1795,1880.0
771,2850.0
652,2200.0
2315,2600.0
3048,2600.0
2946,3000.0
1638,1890.0
32,2700.0
3416,2700.0
3064,2180.0
2385,2800.0
1456,2350.0
501,2000.0
3147,3000.0
2287,1650.0
784,2200.0
3417,2000.0
2180,1500.0
515,2400.0
3932,1700.0
4496,1900.0
1775,2230.0
991,1700.0
4046,2000.0
4133,1880.0
1204,2100.0
748,1700.0
1035,1800.0
3373,2300.0
3323,2300.0
3709,2600.0
4614,1500.0
4125,2000.0
4487,2100.0
431,1850.0
321,2400.0
1334,1800.0
2264,2100.0
1345,1750.0
2558,2600.0
1423,1900.0
4200,1800.0
1107,2200.0
1932,1500.0
1071,1600.0
1644,2380.0
80,2200.0
2556,1900.0
1103,1900.0
3486,1700.0
4476,1900.0
3675,2000.0
157,2000.0
3460,2300.0
544,2100.0
1952,2300.0
185,2200.0
300,2300.0
1598,2350.0
3821,1650.0
1774,2100.0
3484,2400.0
1082,2300.0
2802,2500.0
1578,2600.0
4458,1800.0
2038,2700.0
2891,2200.0
4675,1500.0
4072,1780.0
489,2300.0
360,2100.0
1816,1700.0
3102,2500.0
4638,1950.0
2535,1900.0
1960,2150.0
2825,2550.0
1441,2500.0
1927,2300.0
248,3000.0
4079,1550.0
760,2500.0
2303,2200.0
4008,2000.0
2576,2200.0
699,2000.0
493,2900.0
235,2600.0
3851,2800.0
3384,2050.0
626,1800.0
162,2800.0
1117,1800.0
1055,1500.0
3185,2400.0
2395,2400.0
1045,1800.0
3187,2850.0
2541,2200.0
3266,2100.0
3309,1900.0
3865,1930.0
3316,1800.0
2563,2100.0
1799,1800.0
1346,1900.0
299,2000.0
1964,1900.0
4073,1900.0
3562,2200.0
53,4200.0
2998,2000.0
1791,2600.0
1911,1800.0
4713,1200.0
872,1550.0
1890,2550.0
3052,2300.0
414,2200.0
4438,1500.0
3953,2000.0
3216,2500.0
1959,1900.0
1739,1900.0
4636,1480.0
4572,1800.0
3477,2350.0
957,2300.0
651,2000.0
2689,2600.0
4055,1650.0
4465,2000.0
3756,1600.0
4774,1600.0
823,2580.0
389,2300.0
3523,2000.0
4455,1800.0
353,2300.0
3240,2550.0
1194,1800.0
2406,2000.0
3608,2450.0
230,2250.0
1698,1700.0
2881,2400.0
4161,1900.0
1507,1750.0
3449,1850.0
2966,2400.0
383,2000.0
2014,2700.0
1215,1600.0
2532,2800.0
2728,2200.0
267,2500.0
3551,2250.0
4178,1650.0
4010,2000.0
869,1710.0
2097,1500.0
3657,2200.0
4137,1450.0
2723,2600.0
4324,1200.0
2026,1800.0
125,2750.0
334,2800.0
3131,3200.0
1755,1900.0
1371,2100.0
3734,2100.0
4686,1300.0
1161,2050.0
3575,2600.0
2103,2200.0
1701,2500.0
2282,2400.0
2692,2350.0
4446,2200.0
947,1400.0
3925,1700.0
735,1900.0
2095,2500.0
1354,2350.0
3355,2150.0
130,3600.0
1998,1900.0
3201,2900.0
2196,2450.0
1482,1600.0
3785,2300.0
2512,2100.0
481,2100.0
3345,2300.0
4510,1600.0
4441,1800.0
3251,2200.0
3836,1900.0
552,2000.0
679,1700.0
4520,1730.0
1773,1800.0
3903,2000.0
753,2300.0
4603,1800.0
3673,2300.0
2421,2330.0
4363,1500.0
2569,2200.0
120,2300.0
2000,2150.0
583,2100.0
2288,1800.0
1656,2400.0
2784,2200.0
1068,1800.0
4069,2000.0
529,2000.0
340,2600.0
942,2250.0
1992,2300.0
695,1900.0
4433,1630.0
2879,2630.0
2366,2500.0
738,2600.0
3268,2800.0
1801,2100.0
3192,2400.0
1897,2400.0
3795,2380.0
4132,1700.0
2330,2200.0
3969,2100.0
2498,2400.0
704,1800.0
3391,2800.0
4384,1230.0
1982,2200.0
2383,2000.0
3823,2200.0
4232,1500.0
282,2400.0
2267,2000.0
410,2900.0
4615,1800.0
1300,2100.0
3936,1900.0
3448,2500.0
3140,2600.0
2793,1900.0
207,2900.0
2585,2500.0
4202,1400.0
3722,2000.0
2986,2980.0
3772,2500.0
94,2600.0
1574,2150.0
884,2200.0
1180,1800.0
3378,2000.0
3987,1500.0
3447,2200.0
4422,2000.0
254,1780.0
2141,1800.0
4445,2000.0
1976,2500.0
3051,2500.0
1623,2600.0
928,1900.0
1893,2100.0
1494,1900.0
1495,2400.0
1010,2600.0
3856,1900.0
4489,1500.0
3751,2390.0
694,2850.0
251,2400.0
238,2500.0
624,2380.0
505,2600.0
2401,2150.0
2771,3000.0
4053,2300.0
2411,2000.0
3458,2500.0
4138,1850.0
4488,2130.0
3249,2400.0
319,2480.0
3229,2000.0
234,2350.0
3398,2200.0
2337,2400.0
1461,1900.0
3337,2500.0
1298,1900.0
3297,1900.0
1811,2480.0
1477,2300.0
3999,2500.0
836,2000.0
1019,1750.0
2426,2980.0
2694,2700.0
44,3350.0
4555,1400.0
2250,2300.0
4237,1700.0
4758,1800.0
683,1900.0
3747,2300.0
1695,1700.0
524,2200.0
1827,2180.0
2656,2100.0
178,2200.0
346,2250.0
2989,3050.0
1545,2200.0
166,2200.0
2198,1800.0
980,2000.0
4685,1800.0
2050,2000.0
19,2800.0
1169,2500.0
1366,1550.0
3573,2200.0
3911,2300.0
4367,1600.0
4349,1950.0
2613,3000.0
3000,2800.0
1033,2100.0
4207,2000.0
3838,1610.0
2160,2100.0
3250,2600.0
2343,2000.0
4048,1850.0
4668,900.0
138,2750.0
3112,2800.0
2268,2300.0
1724,1800.0
2856,2210.0
840,2400.0
2503,2000.0
2680,2500.0
3105,2980.0
361,2200.0
2594,1800.0
3727,2750.0
619,2000.0
3093,3300.0
995,1600.0
3901,1430.0
1426,1750.0
4074,2050.0
3629,1880.0
380,2200.0
4097,1800.0
1974,2000.0
4569,1450.0
3294,2150.0
1078,2500.0
4662,1980.0
4417,1550.0
1316,1750.0
2841,2400.0
482,2350.0
50,3100.0
579,2200.0
2931,2400.0
922,2050.0
374,2250.0
3724,2480.0
1216,1900.0
3732,2400.0
1646,1600.0
615,1850.0
2431,1750.0
3784,2050.0
1854,2250.0
3537,2800.0
3867,2450.0
2911,2540.0
1377,2200.0
690,2000.0
2883,2800.0
1167,1900.0
1823,1800.0
3200,2600.0
2107,1800.0
841,2500.0
4157,2000.0
3656,2200.0
715,1650.0
4135,1600.0
1336,1950.0
713,1900.0
3179,2150.0
3780,1800.0
3526,1700.0
1009,1880.0
3400,2400.0
4318,1450.0
4503,1900.0
354,2400.0
826,2450.0
1980,2700.0
860,2100.0
3556,2400.0
43,2400.0
3227,2250.0
4372,1650.0
507,2300.0
1053,2500.0
2081,2100.0
2867,2200.0
455,2200.0
1173,2050.0
216,2500.0
1654,2000.0
547,1900.0
2485,2200.0
660,2000.0
4695,1300.0
3859,1700.0
2534,1680.0
513,1800.0
1098,1800.0
116,2600.0
3156,2000.0
3683,2600.0
4529,1700.0
1814,2300.0
2826,2700.0
3693,2800.0
622,1850.0
2612,2200.0
4251,1780.0
1647,1900.0
3583,2400.0
3027,2100.0
1688,1750.0
28,2350.0
3114,2500.0
1686,2600.0
1296,2500.0
3208,2400.0
2163,2000.0
3134,2630.0
4712,1500.0
1213,2200.0
158,2400.0
293,2250.0
3077,2500.0
3245,2300.0
3713,1700.0
1314,2300.0
3233,2400.0
1229,1800.0
1908,2000.0
4389,1600.0
3563,2330.0
1469,1800.0
566,2300.0
2713,1900.0
2147,2450.0
51,2730.0
4515,2000.0
3870,2100.0
175,2200.0
2926,2800.0
3408,2400.0
674,2130.0
2106,2600.0
1763,2200.0
4357,1400.0
1050,2050.0
224,2850.0
590,1700.0
2754,2900.0
61,2500.0
4498,2000.0
1640,1800.0
3189,2500.0
2375,2300.0
1825,2500.0
1163,1600.0
110,2200.0
2361,2050.0
2519,2400.0
310,1900.0
4373,1700.0
3388,2230.0
4129,2330.0
4768,1850.0
1414,2400.0
4086,1900.0
2189,2300.0
819,1850.0
4291,1800.0
3684,1700.0
3794,2280.0
1444,1800.0
3570,2700.0
2863,2800.0
901,1800.0
2416,2400.0
746,2300.0
4088,1950.0
4517,1630.0
1457,1850.0
4461,1850.0
1713,1750.0
739,1800.0
2987,2150.0
3030,2000.0
1252,1850.0
855,1850.0
3730,1500.0
2808,2200.0
1838,1900.0
3877,2440.0
1235,2300.0
2425,2500.0
3371,1700.0
2085,2300.0
487,1700.0
3012,2300.0
815,2000.0
309,2500.0
3238,1900.0
734,1750.0
1929,1800.0
149,2600.0
4443,2300.0
3142,2500.0
3661,2300.0
4134,1350.0
3679,2500.0
3386,2800.0
3209,2600.0
3257,2500.0
2593,2400.0
874,2000.0
1866,2300.0
1372,2300.0
3082,2430.0
3053,2900.0
3174,2400.0
3166,2400.0
4322,1500.0
288,3010.0
4229,1800.0
3952,1800.0
1714,1850.0
2086,1800.0
880,2000.0
2605,2000.0
1158,2050.0
4588,1600.0
2892,2350.0
3616,2600.0
1926,2100.0
1063,1900.0
3109,1950.0
2374,2200.0
2789,3000.0
352,2200.0
4147,1600.0
1641,2400.0
3874,2300.0
1373,1700.0
3370,2900.0
612,1900.0
445,2300.0
3065,2500.0
4016,1900.0
1157,1900.0
630,1850.0
1794,1750.0
3339,2380.0
3239,2330.0
574,2800.0
2302,1800.0
3231,2750.0
3503,2400.0
2623,2450.0
286,2200.0
381,2400.0
4469,1700.0
349,2200.0
89,2400.0
1419,2100.0
2801,2000.0
4160,1700.0
1214,2500.0
3168,2200.0
2356,2700.0
4021,1400.0
866,2300.0
1187,2200.0
495,1900.0
3307,2500.0
1903,1950.0
4558,1600.0
2614,3200.0
809,1950.0
4358,1700.0
3546,2100.0
913,2300.0
3739,2000.0
1315,2500.0
2508,2550.0
1343,2500.0
4467,2200.0
1429,1800.0
2098,1900.0
4639,2200.0
3905,1500.0
1928,2400.0
1896,2200.0
2403,2200.0
1056,1700.0
2862,2500.0
303,2000.0
861,1750.0
503,2000.0
2646,2600.0
3037,3000.0
4580,1800.0
504,2500.0
3758,2000.0
3074,2500.0
369,2050.0
2666,2000.0
1809,2000.0
642,2100.0
1991,2200.0
1114,2600.0
1788,2300.0
1709,2000.0
3779,1500.0
4003,1900.0
4031,1900.0
614,2800.0
1224,1900.0
2574,2230.0
4223,1700.0
3699,2350.0
4026,2000.0
511,2200.0
2848,2650.0
971,2800.0
1027,1800.0
4565,1800.0
2726,2600.0
2548,2800.0
3754,2300.0
1210,2250.0
1104,2000.0
4313,1700.0
388,2100.0
4477,1500.0
4253,1500.0
965,1600.0
1249,1850.0
4276,1530.0
1151,2400.0
194,2700.0
2351,2050.0
2400,2900.0
656,2800.0
1752,1800.0
2791,2600.0
762,2150.0
150,2800.0
3045,2200.0
3393,1800.0
161,2600.0
543,1800.0
1005,2100.0
1744,2000.0
2048,2100.0
35,2900.0
187,2630.0
863,2200.0
3118,2640.0
2171,2500.0
3043,2650.0
1722,2450.0
2853,1900.0
2201,2600.0
3313,2200.0
2663,2500.0
2557,2400.0
3219,2100.0
476,2300.0
829,2100.0
3292,3000.0
1829,1800.0
1697,2450.0
1011,2800.0
4687,1600.0
2273,1900.0
113,2150.0
4152,1730.0
3855,2400.0
1146,1500.0
2518,2000.0
3985,1850.0
937,1800.0
2505,2500.0
685,2630.0
1922,1800.0
4009,1600.0
780,2300.0
2259,2000.0
3018,2390.0
526,2100.0
3411,2300.0
1017,1900.0
2208,2100.0
3819,2180.0
1508,1900.0
1257,2250.0
3638,1600.0
305,2800.0
1659,2680.0
491,2000.0
761,1800.0
3833,2000.0
4235,1640.0
1793,1500.0
4664,1600.0
4198,1730.0
1522,2350.0
492,2650.0
1577,2500.0
3876,2250.0
3091,2200.0
3150,2300.0
280,2200.0
2138,2100.0
3463,2170.0
3062,2580.0
4453,1700.0
4736,1430.0
2497,2250.0
535,2000.0
2179,2700.0
2870,2050.0
2430,2350.0
2927,2200.0
1518,2000.0
1278,2500.0
1083,1900.0
1147,1750.0
4094,1900.0
3959,1700.0
1878,2000.0
1643,1800.0
4022,1800.0
4772,1250.0
3981,1480.0
3252,2700.0
4731,1480.0
2274,2300.0
1884,2200.0
302,2550.0
1069,2250.0
3424,2300.0
1393,1750.0
2068,2800.0
4599,1430.0
719,2140.0
2746,2600.0
168,3000.0
452,3000.0
1397,2400.0
2207,1950.0
3555,1900.0
2493,2000.0
3843,2250.0
3869,2000.0
3039,2500.0
3322,2250.0
926,1900.0
4761,1600.0
4564,1600.0
2537,2250.0
2133,2800.0
1076,2000.0
623,2250.0
3885,2380.0
2271,2380.0
2515,2100.0
2830,2600.0
2218,2400.0
3329,2500.0
1845,2100.0
4056,1700.0
2747,3000.0
4023,2000.0
3011,2730.0
1418,1900.0
1589,2800.0
1324,2000.0
2776,2900.0
3368,2000.0
2240,1900.0
564,2500.0
4745,1500.0
876,1700.0
2619,2400.0
533,2900.0
2971,2300.0
722,2030.0
3868,1600.0
2256,2250.0
4193,1600.0
1658,2500.0
1936,1600.0
4397,2000.0
1277,2250.0
2158,1900.0
2896,2150.0
774,2100.0
4432,2000.0
1065,1850.0
2675,2200.0
1675,2050.0
2181,1900.0
2947,2100.0
417,1700.0
3919,1800.0
1515,2250.0
2242,2100.0
2346,1600.0
1092,1700.0
2031,2400.0
3633,2400.0
4052,2000.0
4098,2000.0
1088,2500.0
4719,1500.0
1683,2400.0
1946,2500.0
4605,1700.0
4578,1250.0
4435,2000.0
3550,2150.0
1250,2400.0
3916,2100.0
1445,2000.0
499,2800.0
4653,1400.0
577,2000.0
4428,2000.0
3332,2400.0
1492,2100.0
710,2500.0
2251,1900.0
3346,2550.0
567,2500.0
3226,1900.0
2698,1800.0
1887,2700.0
2173,1850.0
4577,2200.0
2785,2300.0
2514,1800.0
1918,2180.0
2234,2900.0
2184,1700.0
2516,2300.0
4348,1500.0
1753,2000.0
3605,1800.0
4106,1700.0
2025,2500.0
4225,1450.0
337,2300.0
3581,2280.0
977,2550.0
4028,1710.0
226,2300.0
265,2200.0
46,3000.0
3558,2200.0
3506,2700.0
745,1800.0
3019,2400.0
2236,2330.0
545,2300.0
2582,2800.0
3761,2000.0
2757,2250.0
1849,2370.0
3155,2600.0
3728,2000.0
1350,2000.0
541,2200.0
4701,1350.0
1416,1800.0
197,2950.0
1895,1800.0
2661,2550.0
2748,2100.0
1128,2300.0
1544,2100.0
2314,2030.0
2069,1900.0
2223,2500.0
4727,1400.0
1685,2350.0
4427,1700.0
4226,1800.0
3236,2600.0
1351,1800.0
825,2250.0
1627,2350.0
3256,2300.0
4457,1400.0
899,1900.0
4421,2000.0
4242,1600.0
4412,1400.0
3429,2050.0
4148,2160.0
3029,2900.0
3641,2500.0
2328,3100.0
2262,1500.0
4617,1400.0
2011,2500.0
2461,2350.0
641,1800.0
1673,1800.0
4361,1500.0
1041,1700.0
514,2150.0
2149,2000.0
2075,1900.0
1676,1800.0
3165,2000.0
1736,2100.0
4485,1300.0
363,2100.0
3617,2860.0
4381,2150.0
2080,1950.0
3667,1800.0
1074,2300.0
1256,2100.0
4051,1550.0
4634,1280.0
817,2500.0
3158,2800.0
4527,2200.0
2225,2350.0
3336,2300.0
1153,1800.0
1557,2000.0
333,2300.0
3010,2530.0
4343,1550.0
1307,2000.0
1520,2400.0
1666,1800.0
3894,2030.0
4551,1200.0
2997,2800.0
127,2800.0
2450,2850.0
3394,2000.0
1390,2100.0
4027,2200.0
1538,2400.0
249,1700.0
4624,1500.0
1570,2300.0
1661,2200.0
1195,2250.0
4706,1100.0
3918,1500.0
433,2400.0
201,2400.0
326,2000.0
1475,2100.0
2167,2100.0
580,2830.0
1024,2050.0
3300,2000.0
3455,2500.0
85,3300.0
281,2300.0
4540,1500.0
3862,1630.0
1165,2100.0
1546,1900.0
921,1800.0
2285,2800.0
3265,2800.0
2855,2500.0
377,2500.0
4128,1950.0
397,1800.0
1172,1900.0
4677,1600.0
3670,1700.0
4269,1630.0
2422,2500.0
98,2500.0
4660,1350.0
1909,2200.0
4570,1730.0
4215,1670.0
2837,2200.0
1200,2000.0
3264,2700.0
1385,2750.0
1199,1800.0
2145,1800.0
1760,2300.0
2990,1780.0
700,2100.0
2794,2300.0
278,2030.0
2764,2500.0
851,2750.0
3372,2100.0
509,1700.0
3092,3000.0
2047,1900.0
3620,2130.0
3440,2540.0
637,1700.0
627,2100.0
223,2600.0
3076,2230.0
3636,2200.0
1715,1990.0
2691,1900.0
3973,2300.0
468,2600.0
1367,1800.0
2051,2600.0
2023,1800.0
3344,2900.0
88,2800.0
2326,2100.0
3604,2530.0
2872,2850.0
4230,2000.0
1242,2030.0
1821,2500.0
4505,1900.0
4334,1700.0
3593,2500.0
1183,1800.0
3308,2800.0
2645,2100.0
3295,2300.0
1859,1750.0
253,3000.0
3899,1700.0
2587,2000.0
1201,1500.0
791,1950.0
638,1900.0
4497,1730.0
3574,2450.0
3553,2000.0
3710,1650.0
2049,2200.0
4244,2230.0
896,2200.0
347,2500.0
1947,1850.0
1280,1750.0
295,2000.0
418,2000.0
306,1650.0
4725,1500.0
3658,2300.0
211,2250.0
4140,1500.0
1489,2600.0
4120,1480.0
2918,2200.0
3983,2000.0
584,1900.0
3947,2150.0
3714,2000.0
3035,2500.0
1537,2300.0
2020,2000.0
2981,2500.0
1387,1700.0
2695,2200.0
4164,1800.0
3663,2000.0
4246,1700.0
2738,2100.0
2871,2600.0
3427,2950.0
582,2000.0
3960,2300.0
4671,1800.0
3175,2450.0
4765,1200.0
3182,2000.0
34,2500.0
1919,1900.0
600,2200.0
767,1900.0
1636,2750.0
4045,1800.0
2693,2500.0
680,2000.0
2916,2600.0
931,1800.0
3740,2200.0
3692,2500.0
4058,1400.0
2773,2400.0
4240,1550.0
2768,2600.0
4211,2000.0
4114,1700.0
1837,1800.0
1473,1800.0
4777,1540.0
179,2700.0
2369,2800.0
594,1800.0
3078,2000.0
4508,2000.0
3101,2350.0
3438,2000.0
1519,2200.0
1320,1900.0
3283,2080.0
3564,1700.0
1786,1650.0
2670,2100.0
4728,1400.0
2172,2650.0
3921,1800.0
3215,2150.0
2974,2200.0
3314,2950.0
4210,1580.0
4601,1600.0
1451,2000.0
1681,2000.0
3597,2200.0
2312,2500.0
1534,2300.0
696,2000.0
3334,2900.0
593,2380.0
447,1950.0
3471,2250.0
4762,1730.0
3760,1700.0
1785,2600.0
465,2450.0
41,3100.0
4184,1500.0
2456,2300.0
2629,2800.0
3757,1800.0
4537,1700.0
3462,1750.0
4108,2000.0
1411,2150.0
1870,2280.0
1805,1800.0
4696,1700.0
956,2100.0
3943,1900.0
2122,1600.0
3387,1900.0
3207,2180.0
3289,2800.0
1303,2700.0
142,2900.0
3059,2500.0
2606,2600.0
2332,2000.0
853,1900.0
2162,3000.0
3565,2200.0
16,2850.0
4658,1350.0
2725,2100.0
1770,1900.0
4302,1600.0
3081,2100.0
67,2400.0
1798,2700.0
2586,2700.0
1014,2000.0
408,2000.0
3712,2200.0
4630,1750.0
934,1900.0
3668,2300.0
3285,2530.0
1512,2000.0
3392,3200.0
4234,2170.0
395,2200.0
3964,1900.0
3096,2250.0
1432,1800.0
807,1900.0
456,2100.0
2331,2330.0
4090,1400.0
3073,2300.0
3941,2300.0
732,2800.0
3966,2100.0
315,2300.0
4654,1700.0
2463,2600.0
3793,1900.0
1674,1900.0
3406,1800.0
3433,2440.0
2766,2000.0
3906,1800.0
1940,1800.0
2476,1850.0
4279,1500.0
1828,2300.0
1028,2300.0
1711,2800.0
1212,1800.0
1244,2500.0
1588,2600.0
4587,1400.0
4268,1400.0
2112,2430.0
2929,2800.0
1904,2500.0
1023,1750.0
3782,2000.0
485,2400.0
2089,2600.0
494,1600.0
2920,2600.0
3677,1730.0
191,1930.0
3988,1800.0
405,2100.0
1748,1850.0
3419,2800.0
2226,2500.0
2865,2300.0
4284,1900.0
1630,2850.0
4195,1830.0
1164,2000.0
993,2200.0
4678,1500.0
87,2500.0
3500,2500.0
804,2300.0
4665,1900.0
1436,2000.0
367,3000.0
4233,1930.0
2807,2930.0
4282,1600.0
525,2000.0
2291,2300.0
858,1800.0
3,2300.0
1747,1800.0
3678,2200.0
2525,2500.0
1057,1800.0
242,2700.0
1802,1900.0
3848,1900.0
789,1550.0
1383,1900.0
4002,1800.0
3060,2650.0
134,2700.0
1576,1850.0
1610,2100.0
1617,2450.0
500,1900.0
2949,2900.0
4082,1900.0
2850,2200.0
2510,1600.0
1135,2030.0
3330,2800.0
4474,2050.0
3325,2100.0
3895,1700.0
1132,2500.0
3086,2900.0
3071,1700.0
3893,1700.0
731,2550.0
4159,1350.0
2279,2750.0
3956,2250.0
4612,1900.0
1978,2300.0
720,2400.0
868,1400.0
765,2300.0
3423,2600.0
4014,1450.0
2024,2300.0
3333,2500.0
4608,1000.0
1830,1850.0
1619,2100.0
117,2300.0
4648,1800.0
2685,2400.0
1230,2000.0
1270,2200.0
181,1950.0
1728,2000.0
241,2500.0
4760,1380.0
3827,2400.0
1648,2100.0
3533,2200.0
4066,1700.0
895,1900.0
4309,2150.0
404,1750.0
953,2030.0
1497,1800.0
1547,2500.0
4188,1800.0
3305,2600.0
1937,1930.0
3452,2500.0
3970,1600.0
4388,1300.0
3298,2200.0
4199,1400.0
2893,2300.0
2478,2600.0
2151,2750.0
1413,1900.0
877,2100.0
917,2300.0
1618,1700.0
2168,2300.0
2718,2500.0
766,1700.0
3652,2700.0
2195,2000.0
1874,2900.0
3612,1800.0
1246,1950.0
975,1980.0
2402,2400.0
870,1800.0
708,1800.0
4667,1300.0
284,2300.0
454,2050.0
4153,1700.0
466,1900.0
1961,2200.0
2952,2600.0
2539,3000.0
3002,2400.0
135,2800.0
2111,1900.0
52,3600.0
4293,1400.0
756,2200.0
1498,2100.0
4294,1750.0
3046,2600.0
3586,2280.0
752,2100.0
3929,1800.0
787,2300.0
3769,2300.0
999,1900.0
620,2000.0
86,2000.0
4162,2000.0
4642,1200.0
99,3000.0
2969,2250.0
988,1900.0
1842,2300.0
1965,2000.0
1552,2000.0
4019,1830.0
115,2800.0
462,1850.0
4394,1500.0
1869,2000.0
327,2670.0
1031,1700.0
320,2100.0
2568,2100.0
886,1600.0
2071,2500.0
2191,1900.0
4481,2000.0
229,1950.0
532,2700.0
4597,2000.0
769,1900.0
264,1900.0
1579,1800.0
2740,2300.0
2509,2800.0
1912,1900.0
4674,1200.0
373,2200.0
132,2400.0
70,2200.0
2308,2500.0
1970,1800.0
1840,1800.0
1972,2500.0
2244,3000.0
3935,1500.0
2,3150.0
1762,2050.0
775,1700.0
3852,1700.0
924,2100.0
757,2400.0
2678,2150.0
1395,2000.0
3512,1850.0
91,3450.0
4396,2000.0
3483,2150.0
1094,1900.0
873,1850.0
2008,1800.0
4751,1700.0
386,1800.0
4739,1600.0
4017,2200.0
4116,1800.0
294,2400.0
2647,2800.0
311,2100.0
3980,2100.0
3253,2100.0
3623,2100.0
195,2130.0
4542,1400.0
2318,2300.0
2579,2050.0
2996,2500.0
4442,2000.0
1141,1700.0
4631,1700.0
3994,1800.0
4479,1400.0
2521,2000.0
4536,1800.0
1015,1650.0
76,3150.0
3902,1800.0
193,2500.0
2211,2000.0
518,2300.0
707,2400.0
2816,3000.0
2414,2100.0
2177,2000.0
3441,2800.0
611,2000.0
4354,1800.0
1817,2050.0
269,2300.0
1160,1700.0
4500,1750.0
3196,2700.0
2156,2300.0
654,2000.0
3844,1610.0
1550,1700.0
2743,2500.0
3997,1650.0
1013,1900.0
3349,2800.0
1907,2250.0
2484,2400.0
546,2400.0
2466,2500.0
3180,2600.0
862,2000.0
2117,2350.0
3255,1930.0
4525,1430.0
1875,1550.0
3143,2700.0
3343,2500.0
1049,1900.0
1262,2800.0
2742,2400.0
2341,2400.0
737,2150.0
106,2200.0
2164,2100.0
1818,2300.0
565,1880.0
1761,1700.0
2220,1800.0
1745,2100.0
4191,1900.0
1621,1900.0
2608,1900.0
4688,1380.0
1616,2200.0
2978,2400.0
119,3200.0
1601,2000.0
2336,2400.0
796,1700.0
1607,1400.0
3681,2000.0
4511,2050.0
2432,2100.0
1729,2200.0
5,3000.0
2591,2000.0
1174,2250.0
1712,1550.0
2636,2700.0
1503,1850.0
4650,1500.0
84,2730.0
4431,1700.0
73,2900.0
3767,1700.0
259,2600.0
4702,1580.0
4518,1800.0
4130,1300.0
3653,3000.0
1569,2100.0
2455,2300.0
4243,2050.0
3600,2100.0
729,2150.0
3324,2600.0
1004,2000.0
698,2000.0
3022,2400.0
3104,2700.0
3945,1400.0
4182,1700.0
1294,1800.0
3258,2800.0
1751,2800.0
3820,2300.0
3047,2500.0
3492,2400.0
2136,2700.0
3535,1930.0
1396,1800.0
2496,2200.0
4775,1100.0
1496,2600.0
449,2000.0
1742,1800.0
4049,2000.0
1778,2400.0
4451,1400.0
470,1900.0
1527,2100.0
2034,2100.0
3178,2700.0
571,2400.0
4483,1900.0
3269,2150.0
2398,2050.0
3080,2800.0
2965,2600.0
12,2600.0
3992,2300.0
2347,2000.0
1179,2800.0
3275,2500.0
4181,1800.0
3585,1800.0
2724,2800.0
4593,2200.0
243,1900.0
4560,2200.0
4209,1600.0
597,2500.0
3748,2400.0
1365,2050.0
2991,2200.0
4156,1550.0
1812,1750.0
3878,1900.0
3188,1980.0
4186,2000.0
411,1680.0
2894,3000.0
2489,2200.0
4158,1800.0
4262,1300.0
3632,2100.0
58,3000.0
1523,2480.0
1386,1500.0
438,2450.0
2611,2700.0
237,2200.0
2065,2500.0
2197,2700.0
4036,2300.0
3017,2300.0
1198,1700.0
1757,2130.0
20,3850.0
3920,2100.0
3790,2100.0
940,1750.0
3450,2190.0
3666,2600.0
1059,2200.0
1361,2500.0
3630,2400.0
1428,1950.0
2961,2150.0
1669,2800.0
1517,1700.0
1070,2500.0
4121,1830.0
2032,2700.0
2729,2480.0
2578,2500.0
1944,2200.0
3041,2700.0
964,2550.0
1421,1850.0
610,2000.0
421,2000.0
3592,2000.0
29,3000.0
4331,1500.0
802,2400.0
3624,2200.0
3319,2500.0
186,2500.0
4063,1830.0
1228,1700.0
4360,2000.0
1949,2600.0
1481,2450.0
3801,2200.0
3572,2500.0
608,2100.0
2079,2950.0
996,1950.0
2719,2700.0
2325,2230.0
2488,2100.0
2903,2600.0
4439,1800.0
1357,2200.0
2321,2300.0
460,2300.0
2710,2100.0
2297,2600.0
4236,2000.0
298,2780.0
3436,2500.0
2803,2650.0
3804,2300.0
539,2230.0
3437,2470.0
1308,2100.0
951,1600.0
2895,3280.0
663,1890.0
2028,2500.0
3691,1900.0
362,2300.0
1561,1750.0
570,2200.0
3805,2600.0
4099,1330.0
1969,2800.0
2900,2400.0
2340,2300.0
2852,2850.0
3642,1800.0
779,1850.0
2772,1910.0
2706,2500.0
307,2100.0
2761,2350.0
987,1600.0
3293,1750.0
4283,1700.0
2955,2500.0
1678,2200.0
4531,1600.0
3420,2200.0
3926,1850.0
2878,2500.0
114,2600.0
3198,2300.0
1634,2000.0
2294,2100.0
2132,2600.0
703,2300.0
2462,2100.0
3880,2100.0
3598,2400.0
1587,1850.0
4613,1250.0
1502,1800.0
2915,2300.0
4563,1950.0
4595,1500.0
1934,1900.0
3922,2300.0
2720,2800.0
2410,3200.0
151,2100.0
3379,2400.0
763,2000.0
4420,1480.0
4004,1800.0
1368,2000.0
893,1550.0
2224,1830.0
3792,1600.0
2834,2900.0
1097,2800.0
318,2250.0
1737,2300.0
4329,1500.0
3214,2400.0
3013,3000.0
2982,2600.0
693,2700.0
1446,1550.0
4089,2250.0
2006,2450.0
3764,1700.0
2246,2100.0
691,2000.0
2874,2300.0
1410,2000.0
830,2250.0
2964,2200.0
1924,2350.0
3272,2600.0
313,2400.0
2925,2450.0
2110,2600.0
3768,2000.0
33,3000.0
3528,2300.0
3725,1800.0
4166,1350.0
413,2100.0
1567,2350.0
4419,1900.0
375,1900.0
3750,2100.0
202,2780.0
3640,2400.0
3753,1800.0
2074,2400.0
3696,2000.0
4672,1300.0
716,1900.0
2885,2800.0
1370,1700.0
1608,1800.0
1079,1600.0
2520,2700.0
3106,2000.0
2276,2800.0
4113,2400.0
3560,2700.0
548,2300.0
1803,2450.0
1584,2300.0
93,2550.0
1037,2150.0
1131,2300.0
516,1700.0
3809,2210.0
3519,1900.0
3282,2650.0
2610,2480.0
351,1800.0
3618,1700.0
4024,2100.0
31,2750.0
3510,2400.0
1779,1700.0
4692,1800.0
370,2300.0
1624,1600.0
3610,2500.0
4626,1500.0
3204,2200.0
475,2150.0
3254,2500.0
2730,2300.0
2320,2200.0
2908,2640.0
3898,2350.0
4426,1500.0
1442,1400.0
3352,2200.0
4526,2000.0
833,2250.0
391,2000.0
1824,2200.0
3975,2100.0
4663,1500.0
3480,1900.0
139,2850.0
4509,2100.0
4076,2200.0
3164,2800.0
1563,2550.0
2118,2500.0
3889,2200.0
8,3550.0
3088,2350.0
1558,1800.0
4741,1250.0
3910,2000.0
3153,2200.0
1152,2500.0
1458,2300.0
2934,2900.0
1006,2250.0
678,2300.0
1554,2580.0
2833,2700.0
4071,1400.0
1889,2400.0
1653,1700.0
4376,1500.0
4077,2400.0
4771,1000.0
432,2200.0
2963,2900.0
4173,1700.0
1483,1900.0
3113,1930.0
3006,2600.0
3262,1900.0
3318,2250.0
277,2700.0
1156,1650.0
2449,2200.0
3834,2150.0
1188,2200.0
1730,2400.0
4103,1940.0
2511,2000.0
816,2080.0
2035,2400.0
3841,1580.0
2072,2100.0
2714,2300.0
3362,2400.0
701,1800.0
1689,1900.0
687,2000.0
4502,1600.0
4575,1500.0
938,2200.0
1379,1600.0
4039,1800.0
3499,2250.0
3136,2500.0
4117,1700.0
2697,3300.0
559,2200.0
3422,2500.0
4454,1500.0
1311,1800.0
867,2600.0
4557,1750.0
661,2200.0
2704,2150.0
4330,1600.0
3735,2230.0
3290,2200.0
3931,2100.0
2641,2800.0
1424,2500.0
128,2500.0
3646,2150.0
1207,2300.0
3306,2000.0
973,1700.0
4486,1800.0
1780,2100.0
1317,2300.0
3847,1550.0
2433,2300.0
266,2400.0
3225,2600.0
2012,1900.0
4013,2000.0
2380,2100.0
3003,2700.0
4524,2000.0
560,2400.0
1145,2700.0
4238,1800.0
2253,2500.0
4029,2100.0
1205,1700.0
551,1880.0
4126,2000.0
103,2200.0
3854,2050.0
3110,2300.0
4545,1800.0
2096,2700.0
635,1950.0
4716,1200.0
3954,1900.0
2170,2300.0
3085,2600.0
933,2100.0
4149,2430.0
4512,1300.0
1150,1800.0
3342,2030.0
879,1700.0
3212,2730.0
1121,2000.0
1756,1900.0
1479,1800.0
3662,2400.0
3040,2650.0
4319,1700.0
3682,2200.0
4123,1550.0
2040,1550.0
4616,2000.0
1052,1950.0
4390,1800.0
4708,1600.0
723,2200.0
3276,2200.0
2815,2250.0
962,1800.0
4333,1460.0
1505,2600.0
1888,1800.0
963,2250.0
824,1750.0
4264,1650.0
1130,1800.0
2474,2600.0
4007,1900.0
2827,2850.0
4625,1800.0
3465,2000.0
2765,2800.0
4015,1700.0
2077,2000.0
2701,2200.0
1137,1900.0
170,2300.0
1680,1700.0
2800,2800.0
143,2930.0
3707,1800.0
1626,2100.0
3474,2220.0
4258,1200.0
969,1900.0
1743,2150.0
2679,2400.0
219,2350.0
1525,1700.0
2560,2000.0
2549,1850.0
4472,1700.0
1455,2300.0
2655,3200.0
2073,2200.0
4553,2000.0
2762,2600.0
1975,2200.0
1288,2100.0
3590,2500.0
2373,1900.0
4312,1550.0
3312,2600.0
1664,2300.0
2910,2200.0
4040,1900.0
2377,2000.0
1580,2200.0
4591,1480.0
1857,2100.0
2254,2800.0
3341,2800.0
3270,2600.0
3058,2400.0
2674,2090.0
2973,3200.0
145,2800.0
3817,2000.0
4287,1400.0
3350,2300.0
3685,2200.0
4704,1250.0
2832,2100.0
2317,2000.0
4301,1900.0
1941,2200.0
3354,3300.0
4281,1600.0
2388,2400.0
4450,1980.0
118,2900.0
285,2300.0
1319,1600.0
2667,2400.0
834,2500.0
2360,2700.0
2384,2500.0
3832,1800.0
786,1840.0
2763,2000.0
3317,2100.0
688,2200.0
1914,2600.0
3479,2800.0
3669,2700.0
2810,2300.0
448,2000.0
4590,1650.0
2029,2680.0
2362,2500.0
709,2350.0
2166,2000.0
846,2200.0
165,2450.0
2795,2500.0
2358,2300.0
2298,2850.0
434,2500.0
1008,1900.0
3933,2100.0
3121,2700.0
3567,2600.0
2316,2800.0
3614,2350.0
390,1800.0
2451,3180.0
4189,1900.0
399,2400.0
961,2500.0
2567,2600.0
2445,1900.0
4290,1600.0
1804,2730.0
1883,2000.0
2643,2700.0
4252,1800.0
728,2050.0
2673,1600.0
1452,2400.0
1189,2300.0
446,2300.0
1325,2250.0
3544,1700.0
1476,1890.0
2454,2000.0
419,2000.0
528,1800.0
2787,2200.0
4241,1700.0
2662,2000.0
4239,1860.0
2951,2350.0
3382,2300.0
4295,1800.0
992,2000.0
3277,2900.0
4259,1500.0
943,2400.0
890,1900.0
2732,2700.0
2880,1900.0
4406,1900.0
3395,2200.0
2134,1900.0
1593,1800.0
1806,2400.0
4131,1600.0
322,2650.0
3872,2000.0
4655,1600.0
979,1850.0
1707,2200.0
976,2200.0
549,2650.0
1285,2000.0
2339,1950.0
3807,2300.0
1225,2000.0
3706,2300.0
4507,1850.0
2382,2800.0
108,2500.0
1750,2600.0
596,2330.0
519,2300.0
3005,2100.0
1102,1880.0
3237,2830.0
483,2400.0
3635,1700.0
2683,2700.0
1553,2100.0
4579,1600.0
3213,2000.0
2635,2500.0
3360,2600.0
2286,3100.0
3745,1800.0
4491,1700.0
1880,2680.0
1465,2500.0
986,2500.0
4327,1800.0
192,2400.0
2202,2100.0
2616,2000.0
2735,2200.0
279,2300.0
4651,1600.0
3491,2000.0
4288,1650.0
2142,2400.0
271,1800.0
3509,2200.0
3963,1790.0
1289,2330.0
2420,2000.0
4368,1700.0
982,2400.0
2124,1980.0
1072,1900.0
849,1900.0
2192,2300.0
2030,2000.0
1283,1550.0
3311,2550.0
573,2600.0
1987,2700.0
1265,2000.0
2922,2550.0
2696,2970.0
1400,2300.0
4646,1350.0
2664,2700.0
3766,2530.0
270,2500.0
1856,1900.0
2831,2880.0
471,2000.0
4606,1150.0
1344,2800.0
4627,1800.0
3507,2080.0
2736,3000.0
2626,2900.0
2983,2100.0
3414,2350.0
79,3000.0
1434,2300.0
2367,2600.0
272,2200.0
274,2510.0
1306,1800.0
3421,2300.0
4533,2370.0
2712,2800.0
2357,1950.0
2019,1600.0
1093,1900.0
2390,2000.0
3457,2200.0
4513,1700.0
2809,2500.0
795,2000.0
3982,1700.0
1136,2280.0
1783,1800.0
682,2400.0
3274,2300.0
4075,1600.0
3695,1950.0
4492,1750.0
1439,1800.0
1472,2750.0
1054,2800.0
4154,1800.0
875,2100.0
3538,1750.0
4102,1500.0
2715,2500.0
1443,1700.0
21,2800.0
2943,2500.0
65,2800.0
2091,2200.0
4482,1550.0
15,2700.0
2459,2080.0
864,2300.0
3089,2500.0
3224,2300.0
250,2100.0
2464,2830.0
912,2000.0
958,1700.0
1133,1600.0
1291,2000.0
1287,1700.0
4729,1200.0
1663,2100.0
1521,1800.0
174,2050.0
1406,1700.0
3190,2600.0
3648,2500.0
2857,2900.0
2480,2100.0
1749,1900.0
925,2250.0
3643,2400.0
4032,2100.0
3149,2150.0
4286,1800.0
1723,2700.0
605,1850.0
4067,2000.0
3736,1900.0
3824,1750.0
3912,1500.0
978,1800.0
2290,2100.0
1356,2000.0
2452,1700.0
2760,2200.0
4514,1800.0
4436,1800.0
107,2600.0
4490,2000.0
2457,3000.0
4222,1400.0
4594,1200.0
1954,2000.0
3159,2000.0
2993,2500.0
2699,2000.0
1323,1680.0
3135,2380.0
2239,2500.0
3418,2500.0
798,2350.0
3473,2100.0
2001,1900.0
3304,2400.0
2527,1900.0
1504,1850.0
4081,1800.0
4689,1600.0
625,2500.0
3169,2970.0
4212,2350.0
2659,2200.0
575,1600.0
2775,2250.0
2059,1800.0
3778,2600.0
2215,2600.0
2540,2020.0
4456,2170.0
2562,3000.0
2219,2800.0
2365,2250.0
4298,1900.0
521,2500.0
821,1880.0
3716,2440.0
4175,1920.0
2967,2600.0
4000,1300.0
1118,2100.0
4724,1200.0
64,2500.0
4697,1600.0
1341,2000.0
3810,2400.0
1979,2400.0
859,2200.0
1034,1600.0
371,1830.0
1433,2200.0
1733,2300.0
296,2300.0
3244,2100.0
1632,1700.0
903,2600.0
4065,1500.0
3482,1800.0
2838,2500.0
4292,1850.0
2751,2800.0
464,2300.0
14,3800.0
2057,2250.0
1858,2350.0
1391,2500.0
1871,2430.0
3595,1630.0
4611,1400.0
232,2400.0
3665,2450.0
1560,2500.0
1985,1950.0
1412,2300.0
4659,1800.0
1679,2580.0
1962,2750.0
1606,2600.0
4732,1750.0
2092,2400.0
1253,2100.0
2042,1900.0
4085,1800.0
4493,2000.0
673,2000.0
2950,1950.0
1401,2500.0
1012,1800.0
4733,1150.0
4371,1700.0
3338,1800.0
648,2300.0
4219,1900.0
435,1800.0
1211,2400.0
2937,2000.0
1020,2100.0
751,1750.0
1453,1700.0
616,2000.0
4409,2100.0
1232,2300.0
3860,2200.0
1790,1950.0
3783,1950.0
686,1880.0
4534,1600.0
740,1880.0
839,1850.0
636,2200.0
4356,1900.0
3278,2200.0
598,1700.0
1155,2400.0
255,2050.0
1721,1800.0
2494,2200.0
4227,1850.0
2873,1980.0
3703,1600.0
1335,2100.0
3152,1900.0
474,2000.0
2840,2200.0
1480,2250.0
3946,1850.0
3228,2500.0
3655,2200.0
517,2050.0
1149,2050.0
2529,2400.0
1995,2000.0
1333,2500.0
1407,2000.0
1369,2010.0
2203,2750.0
3840,2200.0
3167,2500.0
3221,2900.0
3459,1750.0
3989,2000.0
3521,2800.0
4359,1900.0
4757,1600.0
4423,2100.0
173,3050.0
2590,1600.0
689,2300.0
772,1800.0
2630,1900.0
4183,1850.0
443,2200.0
2847,2400.0
27,3400.0
3430,2400.0
4764,1500.0
2209,2300.0
2458,3500.0
2004,1830.0
523,1850.0
2543,2100.0
1036,2000.0
3443,2500.0
1591,1900.0
348,1800.0
2216,2830.0
1327,1600.0
2744,2000.0
595,2100.0
949,1800.0
227,2400.0
3007,3000.0
2709,2880.0
3094,1850.0
1450,1700.0
2299,1900.0
1313,1800.0
4005,2400.0
4382,1500.0
2417,2000.0
2194,2800.0
1109,2000.0
1986,2500.0
3686,2600.0
4170,1530.0
2804,2800.0
3202,2300.0
4180,1600.0
2283,2600.0
4317,1600.0
3223,2100.0
473,1700.0
2021,2130.0
4644,1700.0
13,3500.0
1913,2000.0
3853,1950.0
3087,2000.0
4444,1600.0
1628,1900.0
3587,2680.0
1340,1900.0
562,2100.0
4136,1800.0
1541,2500.0
3126,2700.0
1459,2550.0
2044,2250.0
3435,1950.0
4647,1600.0
2045,3100.0
3554,2400.0
3405,2200.0
2087,2330.0
2371,1600.0
3287,2500.0
3137,2700.0
530,2050.0
2237,2100.0
2078,2700.0
1832,2600.0
3578,2000.0
2278,2500.0
1582,2000.0
1091,2300.0
2053,2500.0
2363,2800.0
3296,2500.0
4592,1900.0
2985,2600.0
2255,1900.0
4256,1500.0
4369,1600.0
1585,1800.0
1190,1700.0
3602,1850.0
3246,2400.0
102,3500.0
3950,2100.0
4721,1150.0
662,2700.0
3273,2700.0
4501,1900.0
4632,1780.0
4155,1980.0
3934,2400.0
1105,1800.0
3072,2200.0
3939,1810.0
3967,1580.0
1258,1800.0
1532,1700.0
806,1600.0
3647,2300.0
2477,2400.0
725,2250.0
2397,2750.0
2734,2300.0
3517,2450.0
1260,1900.0
2387,2200.0
2631,2300.0
2875,2450.0
2777,3300.0
3497,2100.0
2102,2000.0
3015,1800.0
392,2200.0
3524,2200.0
441,2600.0
3038,1900.0
1735,1700.0
4635,1600.0
2858,3300.0
2523,2600.0
3197,2980.0
4752,1300.0
3111,2500.0
424,1810.0
727,1650.0
1920,1950.0
777,2000.0
47,3300.0
2342,2600.0
1066,2400.0
2213,2230.0
2551,2400.0
350,2400.0
131,2450.0
3127,2350.0
3531,2600.0
4643,1500.0
2199,2200.0
4163,1400.0
261,2000.0
3850,2400.0
2627,2000.0
4429,2200.0
2988,2700.0
4060,1850.0
4257,1900.0
2381,2700.0
2994,1900.0
428,2030.0
101,3100.0
2435,1900.0
3547,2300.0
2813,2200.0
512,2300.0
1510,1800.0
3845,2200.0
2665,2800.0
4618,1950.0
3991,1980.0
1203,2000.0
401,1900.0
3971,1850.0
2596,2400.0
2446,2300.0
57,2550.0
2649,2500.0
159,2600.0
2846,2050.0
3495,2400.0
887,1900.0
4480,1800.0
344,1800.0
4192,1300.0
3009,2400.0
994,2500.0
4773,1400.0
4043,2200.0
3288,2650.0
317,1900.0
736,2200.0
4352,1400.0
2957,2000.0
3690,2500.0
2820,2500.0
3206,3200.0
4410,1550.0
2845,2700.0
1240,2250.0
3697,2300.0
717,2000.0
385,2600.0
966,1900.0
3676,2300.0
1376,1850.0
655,2600.0
3415,2450.0
11,3200.0
4266,1700.0
2705,2300.0
156,2650.0
2876,2800.0
3746,2100.0
4464,1780.0
2812,2600.0
2394,1800.0
1853,1900.0
1602,2200.0
4398,2300.0
712,1900.0
4522,1400.0
3359,2500.0
3962,1700.0
3442,1980.0
2499,2000.0
2648,2300.0
3951,2500.0
3806,2000.0
4691,1750.0
472,2300.0
3445,1700.0
3487,2200.0
2475,2800.0
4263,1550.0
324,2100.0
283,2200.0
4399,1500.0
4278,2250.0
2703,3000.0
2127,3000.0
1113,2300.0
4035,1650.0
382,2500.0
2131,2000.0
4011,1500.0
838,2200.0
540,1850.0
1652,2300.0
4249,1900.0
2928,2630.0
2436,2400.0
1781,2250.0
3243,3200.0
1831,2000.0
3886,2550.0
2140,2500.0
3170,3300.0
4737,1120.0
906,2500.0
4740,1200.0
1898,2600.0
604,2700.0
581,1800.0
1100,2000.0
1881,1580.0
2249,2100.0
553,2200.0
1095,1900.0
954,2100.0
4494,2200.0
3116,1900.0
2248,2000.0
4523,1700.0
2345,2780.0
1168,2400.0
1702,1900.0
2378,2150.0
2003,2180.0
843,2050.0
4402,2300.0
2100,2330.0
644,1800.0
2681,2000.0
2364,1800.0
785,2400.0
4340,1600.0
2904,2600.0
2460,2200.0
2260,2600.0
3119,2800.0
1699,2100.0
1218,2200.0
945,2200.0
1247,2100.0
4576,2100.0
1245,1600.0
3504,1930.0
1948,2300.0
4723,1500.0
3816,1900.0
4683,1450.0
3284,2550.0
672,1750.0
17,3000.0
3881,2300.0
4250,1500.0
1767,2600.0
2658,2400.0
1586,1800.0
2063,1850.0
2930,1960.0
1468,1650.0
1902,2500.0
2502,2900.0
2272,2600.0
4190,1550.0
2125,2030.0
3944,2000.0
2938,2200.0
4539,2000.0
4320,1800.0
3571,2000.0
4484,1990.0
3857,2000.0
4586,1700.0
297,2540.0
3375,1800.0
1375,2200.0
3672,2200.0
169,1700.0
3488,2400.0
1275,2400.0
4506,1500.0
2887,2250.0
1,2900.0
2161,2800.0
2447,2400.0
1302,2500.0
2687,2900.0
2545,2900.0
3032,2500.0
2429,2100.0
3752,2500.0
3811,1950.0
2733,2200.0
437,2350.0
1122,2000.0
1671,1900.0
2877,2000.0
3383,2500.0
697,2150.0
1127,2100.0
606,2200.0
4335,2000.0
968,2200.0
2588,2600.0
2046,3600.0
1822,2700.0
430,2330.0
1796,1900.0
4255,1900.0
3978,1700.0
2338,2700.0
3660,1800.0
3403,2800.0
2013,2400.0
2767,2400.0
1660,1800.0
4550,1800.0
1144,2100.0
1018,2100.0
3968,1950.0
2300,2500.0
1955,2700.0
1789,2450.0
1604,1800.0
3720,2500.0
852,1800.0
444,2050.0
402,2400.0
245,2600.0
1782,2500.0
983,2500.0
985,2250.0
478,2200.0
2270,1900.0
3914,2100.0
4408,1900.0
2128,2000.0
671,2680.0
3315,3200.0
3942,1500.0
1140,1500.0
810,2500.0
3622,2500.0
2595,2100.0
1026,2400.0
2407,2200.0
3907,2000.0
2711,2500.0
3891,2100.0
2940,3000.0
1394,1850.0
3917,2300.0
2060,2400.0
75,2800.0
1562,2300.0
4260,1600.0
2933,2200.0
3432,2300.0
813,1700.0
1447,1800.0
1233,2580.0
359,2480.0
1513,1800.0
3949,1600.0
208,3200.0
1993,1900.0
3580,2.0
4168,2000.0
2159,2000.0
97,2600.0
2293,2000.0
1402,1600.0
22,2800.0
554,1650.0
3591,2800.0
1886,2500.0
2554,2400.0
591,2000.0
2137,1750.0
3770,1530.0
2615,1700.0
3651,2000.0
3543,3200.0
2536,2100.0
3195,2100.0
1016,1900.0
1899,1700.0
190,2750.0
4107,1900.0
144,2200.0
1077,2200.0
3160,2500.0
1938,2100.0
1437,2200.0
2319,2700.0
2707,2200.0
2533,3200.0
3781,1900.0
4176,1630.0
811,2700.0
2116,2150.0
3637,2230.0
1945,2380.0
609,2300.0
4316,1400.0
40,2450.0
3468,1600.0
1310,1700.0
2864,2180.0
1717,2750.0
1968,2400.0
3470,2150.0
4350,1400.0
2101,1650.0
856,1950.0
561,1800.0
4679,1200.0
2944,2200.0
1668,2600.0
2638,1900.0
4179,2140.0
2752,2100.0
2266,1700.0
3031,2400.0
2354,1900.0
2054,2680.0
788,2500.0
711,1550.0
2405,2600.0
1119,1600.0
3456,1780.0
1279,1400.0
2584,2300.0
4562,1530.0
4475,1630.0
3222,1700.0
2022,2300.0
1583,2100.0
4143,1900.0
1486,1700.0
451,2750.0
2275,2550.0
3280,2400.0
1700,2300.0
1269,1800.0
4037,2400.0
357,2800.0
2120,2700.0
3439,2350.0
4057,1900.0
948,1750.0
632,2500.0
2758,2500.0
3599,1750.0
1328,2000.0
4100,1800.0
4637,1600.0
2468,1800.0
3698,1950.0
394,1850.0
908,1950.0
239,2550.0
1595,2000.0
1427,1900.0
1710,2600.0
1022,2550.0
2263,1900.0
2790,2000.0
2999,2500.0
4144,2050.0
3759,2300.0
3928,2400.0
1524,1400.0
1819,2450.0
2427,1600.0
1879,2200.0
3849,1800.0
2972,3000.0
1301,1900.0
1981,1700.0
4596,1500.0
3083,2680.0
4516,1400.0
2547,2600.0
3776,1800.0
1488,2300.0
2252,2380.0
2322,2500.0
4459,2050.0
3701,2500.0
4609,1700.0
2960,2800.0
1352,2140.0
3576,2250.0
3402,2550.0
3688,2000.0
436,2150.0
907,1650.0
3357,2500.0
3172,2100.0
3749,1800.0
3530,2450.0
1528,1500.0
343,2600.0
3808,2100.0
3979,1900.0
2324,2100.0
1274,2200.0
3913,1880.0
1581,2500.0
2108,2200.0
2932,2600.0
1950,1700.0
4468,2600.0
2185,2000.0
1531,2200.0
4720,1700.0
49,3000.0
4574,2300.0
909,2100.0
3183,2500.0
3830,2500.0
2624,2150.0
974,1850.0
4080,1700.0
4172,1580.0
599,2050.0
1362,1400.0
1548,2800.0
