Year,Quarter,District,Room3,Room4,Room5,Executive
2022,4,Ang Mo Kio,2300,2900,3150,
2022,4,Bedok,2300,2800,3000,
2022,4,Bishan,2600,3200,3550,
2022,4,Bukit Batok,2200,2650,3200,
2022,4,Bukit Merah,2600,3500,3800,
2022,4,Bukit Panjang,2700,2850,3000,3250
2022,4,Bukit Timah,,,,
2022,4,Central,2800,3850,,
2022,4,Choa Chu Kang,2800,2800,3000,3000
2022,4,Clementi,2500,3200,3400,
2022,4,Geylang,2350,3000,,
2022,4,Hougang,2300,2750,2700,3000
2022,4,Jurong East,2500,2900,3100,
2022,4,Jurong West,2200,2900,3030,
2022,4,Kallang/ Whampoa,2450,3100,3700,
2022,4,Marine Parade,2400,3350,,
2022,4,Pasir Ris,,2700,3000,3300
2022,4,Punggol,2850,3000,3100,
2022,4,Queenstown,2730,3600,4200,
2022,4,Sembawang,,3000,2870,3000
2022,4,Sengkang,2550,3000,3100,3000
2022,4,Serangoon,2500,3200,2800,
2022,4,Tampines,2500,2800,3200,
2022,4,Toa Payoh,2400,3450,3200,
2022,4,Woodlands,2200,2650,3100,2900
2022,4,Yishun,2400,2800,3150,
2022,3,Ang Mo Kio,2290,2600,3000,
2022,3,Bedok,2200,2500,2980,
2022,3,Bishan,2400,2730,3300,
2022,3,Bukit Batok,2000,2500,2800,
2022,3,Bukit Merah,2400,3000,3450,
2022,3,Bukit Panjang,2000,2550,2600,
2022,3,Bukit Timah,,,,
2022,3,Central,2600,3500,,
2022,3,Choa Chu Kang,,2600,2500,3000
2022,3,Clementi,2350,3100,3500,
2022,3,Geylang,2200,2600,3200,
2022,3,Hougang,2200,2600,2500,2700
2022,3,Jurong East,2200,2800,2900,
2022,3,Jurong West,2150,2600,2800,2600
2022,3,Kallang/ Whampoa,2300,2900,3200,
2022,3,Marine Parade,2300,2650,,
2022,3,Pasir Ris,,2500,2700,3000
2022,3,Punggol,2750,2800,2800,
2022,3,Queenstown,2500,3450,3600,
2022,3,Sembawang,,2450,2400,3150
2022,3,Sengkang,,2700,2800,2800
2022,3,Serangoon,2300,2750,2850,
2022,3,Tampines,2300,2500,2900,2930
2022,3,Toa Payoh,2200,2800,3200,
2022,3,Woodlands,2000,2500,2600,2800
2022,3,Yishun,2100,2500,2500,
2022,2,Ang Mo Kio,2000,2400,2650,
2022,2,Bedok,2000,2400,2600,
2022,2,Bishan,2200,2600,2800,
2022,2,Bukit Batok,1900,2400,2450,
2022,2,Bukit Merah,2200,2900,3000,
2022,2,Bukit Panjang,1700,2300,2500,
2022,2,Bukit Timah,,,,
2022,2,Central,2350,3050,,
2022,2,Choa Chu Kang,2050,2200,2450,2650
2022,2,Clementi,2200,2700,2870,
2022,2,Geylang,1950,2400,2700,
2022,2,Hougang,1900,2200,2500,2630
2022,2,Jurong East,2000,2350,2750,
2022,2,Jurong West,1930,2400,2500,2700
2022,2,Kallang/ Whampoa,2130,2700,2950,
2022,2,Marine Parade,2200,2430,,
2022,2,Pasir Ris,,2300,2400,2780
2022,2,Punggol,2330,2500,2300,
2022,2,Queenstown,2300,2900,3200,
2022,2,Sembawang,,2200,2400,2250
2022,2,Sengkang,,2300,2400,2500
2022,2,Serangoon,2100,2500,2700,
2022,2,Tampines,2150,2350,2500,2700
2022,2,Toa Payoh,2000,2600,2850,
2022,2,Woodlands,2000,2300,2400,2500
2022,2,Yishun,1950,2250,2400,2400
2022,1,Ang Mo Kio,1900,2350,2600,
2022,1,Bedok,1900,2200,2500,2550
2022,1,Bishan,2130,2500,2700,
2022,1,Bukit Batok,1900,2100,2600,
2022,1,Bukit Merah,2100,2800,3000,
2022,1,Bukit Panjang,1700,2100,2400,
2022,1,Bukit Timah,,,,
2022,1,Central,2300,3000,,
2022,1,Choa Chu Kang,1780,2050,2200,2300
2022,1,Clementi,2100,2600,2800,
2022,1,Geylang,2000,2500,2600,
2022,1,Hougang,1900,2200,2400,2500
2022,1,Jurong East,1900,2300,2500,
2022,1,Jurong West,1800,2200,2460,2510
2022,1,Kallang/ Whampoa,2100,2600,2700,
2022,1,Marine Parade,2030,2300,,
2022,1,Pasir Ris,,2200,2300,2400
2022,1,Punggol,2200,2300,2300,
2022,1,Queenstown,2200,2900,3010,
2022,1,Sembawang,,2100,2250,2330
2022,1,Sengkang,,2200,2250,2400
2022,1,Serangoon,2000,2300,2540,2780
2022,1,Tampines,2000,2300,2500,2550
2022,1,Toa Payoh,2000,2450,2800,
2022,1,Woodlands,1650,2100,2400,2500
2022,1,Yishun,1900,2100,2330,2400
2021,4,Ang Mo Kio,1900,2300,2600,
2021,4,Bedok,1900,2250,2480,
2021,4,Bishan,2100,2400,2650,
2021,4,Bukit Batok,1800,2100,2250,
2021,4,Bukit Merah,2000,2670,3000,
2021,4,Bukit Panjang,1600,2000,2200,2100
2021,4,Bukit Timah,,,,
2021,4,Central,2300,2800,,
2021,4,Choa Chu Kang,,2000,2100,2300
2021,4,Clementi,2000,2550,2600,
2021,4,Geylang,1900,2400,2600,
2021,4,Hougang,1800,2150,2250,2500
2021,4,Jurong East,1800,2200,2400,
2021,4,Jurong West,1800,2200,2300,2400
2021,4,Kallang/ Whampoa,2000,2550,2800,
2021,4,Marine Parade,2000,2480,,
2021,4,Pasir Ris,,2100,2200,2300
2021,4,Punggol,,2100,2100,
2021,4,Queenstown,2100,2730,3000,
2021,4,Sembawang,,2000,2050,2300
2021,4,Sengkang,1830,2100,2200,2250
2021,4,Serangoon,1900,2300,2500,2680
2021,4,Tampines,1850,2200,2400,2500
2021,4,Toa Payoh,2000,2500,2600,
2021,4,Woodlands,1800,2000,2100,2300
2021,4,Yishun,1800,2000,2200,2450
2021,3,Ang Mo Kio,1850,2200,2400,
2021,3,Bedok,1800,2200,2400,2700
2021,3,Bishan,1900,2400,2600,
2021,3,Bukit Batok,1750,2100,2300,2500
2021,3,Bukit Merah,2000,2600,2900,
2021,3,Bukit Panjang,1680,2000,2100,2200
2021,3,Bukit Timah,,,,
2021,3,Central,2230,2800,,
2021,3,Choa Chu Kang,1700,2000,2000,2200
2021,3,Clementi,2000,2500,2700,
2021,3,Geylang,1810,2400,2860,
2021,3,Hougang,1700,2030,2200,2330
2021,3,Jurong East,1850,2200,2400,2500
2021,3,Jurong West,1800,2150,2350,2450
2021,3,Kallang/ Whampoa,2000,2500,2600,
2021,3,Marine Parade,1900,2200,,
2021,3,Pasir Ris,,2050,2300,2300
2021,3,Punggol,1950,2000,2000,
2021,3,Queenstown,2000,2750,3000,
2021,3,Sembawang,,1900,2050,2200
2021,3,Sengkang,,2100,2100,2200
2021,3,Serangoon,1880,2300,2500,
2021,3,Tampines,1850,2200,2300,2450
2021,3,Toa Payoh,1900,2300,2600,
2021,3,Woodlands,1650,1900,2000,2300
2021,3,Yishun,1700,2000,2150,2300
2021,2,Ang Mo Kio,1800,2200,2450,
2021,2,Bedok,1800,2100,2350,2400
2021,2,Bishan,1900,2400,2650,
2021,2,Bukit Batok,1700,2000,2300,2400
2021,2,Bukit Merah,2000,2650,2900,
2021,2,Bukit Panjang,1600,1900,2100,2200
2021,2,Bukit Timah,,,,
2021,2,Central,2200,2800,,
2021,2,Choa Chu Kang,,1900,2000,2200
2021,2,Clementi,2000,2500,2600,
2021,2,Geylang,1800,2300,2530,
2021,2,Hougang,1700,2000,2200,2300
2021,2,Jurong East,1800,2150,2400,
2021,2,Jurong West,1700,2050,2300,2300
2021,2,Kallang/ Whampoa,2000,2500,2750,
2021,2,Marine Parade,1850,2200,,
2021,2,Pasir Ris,,2000,2100,2300
2021,2,Punggol,1800,2000,2050,
2021,2,Queenstown,2000,2700,2900,
2021,2,Sembawang,,1900,2000,2100
2021,2,Sengkang,,2000,2050,2230
2021,2,Serangoon,1850,2200,2350,
2021,2,Tampines,1800,2100,2300,2400
2021,2,Toa Payoh,1900,2300,2650,
2021,2,Woodlands,1530,1880,2000,2200
2021,2,Yishun,1650,2000,2150,2300
2021,1,Ang Mo Kio,1800,2200,2400,
2021,1,Bedok,1800,2100,2350,2500
2021,1,Bishan,1880,2300,2500,
2021,1,Bukit Batok,1650,2000,2200,2400
2021,1,Bukit Merah,2000,2600,2800,
2021,1,Bukit Panjang,1600,1800,2000,2200
2021,1,Bukit Timah,,,,
2021,1,Central,2200,2830,,
2021,1,Choa Chu Kang,,1800,2000,2100
2021,1,Clementi,1900,2400,2650,
2021,1,Geylang,1800,2300,2700,
2021,1,Hougang,1700,2000,2200,2380
2021,1,Jurong East,1800,2100,2330,2500
2021,1,Jurong West,1700,2050,2200,2300
2021,1,Kallang/ Whampoa,2000,2450,2700,
2021,1,Marine Parade,1850,2200,,
2021,1,Pasir Ris,,2000,2100,2300
2021,1,Punggol,,2000,2000,
2021,1,Queenstown,1900,2700,2800,
2021,1,Sembawang,,1850,2000,2100
2021,1,Sengkang,1850,2000,2000,2200
2021,1,Serangoon,1850,2250,2380,2500
2021,1,Tampines,1800,2100,2300,2480
2021,1,Toa Payoh,1850,2300,2500,
2021,1,Woodlands,1500,1800,1950,2200
2021,1,Yishun,1700,1900,2100,2250
2020,4,Ang Mo Kio,1800,2100,2400,
2020,4,Bedok,1800,2100,2200,
2020,4,Bishan,1880,2300,2600,
2020,4,Bukit Batok,1700,2000,2200,2300
2020,4,Bukit Merah,2000,2600,2800,
2020,4,Bukit Panjang,1550,1800,2000,2000
2020,4,Bukit Timah,,,,
2020,4,Central,2200,2700,,
2020,4,Choa Chu Kang,,1890,1950,2000
2020,4,Clementi,1910,2500,2600,
2020,4,Geylang,1800,2350,2680,
2020,4,Hougang,1750,2000,2130,2300
2020,4,Jurong East,1800,2100,2300,
2020,4,Jurong West,1700,2000,2250,2400
2020,4,Kallang/ Whampoa,1900,2500,2630,
2020,4,Marine Parade,1880,,,
2020,4,Pasir Ris,,2000,2200,2300
2020,4,Punggol,,2000,2000,
2020,4,Queenstown,2000,2700,2850,
2020,4,Sembawang,,1900,2000,2150
2020,4,Sengkang,,2000,2000,2100
2020,4,Serangoon,1800,2230,2300,
2020,4,Tampines,1800,2100,2300,2400
2020,4,Toa Payoh,1800,2350,2500,
2020,4,Woodlands,1550,1900,1900,2030
2020,4,Yishun,1650,1900,2000,
2020,3,Ang Mo Kio,1750,2140,2400,
2020,3,Bedok,1800,2030,2200,
2020,3,Bishan,1850,2250,2500,
2020,3,Bukit Batok,1650,2050,2150,
2020,3,Bukit Merah,2000,2550,2800,
2020,3,Bukit Panjang,1530,1750,1900,2200
2020,3,Bukit Timah,,,,
2020,3,Central,2150,2600,,
2020,3,Choa Chu Kang,,1800,1880,2200
2020,3,Clementi,1900,2400,2600,
2020,3,Geylang,1800,2300,2500,
2020,3,Hougang,1700,2000,2100,
2020,3,Jurong East,1750,2100,2300,
2020,3,Jurong West,1600,2000,2200,2400
2020,3,Kallang/ Whampoa,1900,2400,2500,
2020,3,Marine Parade,1800,2150,,
2020,3,Pasir Ris,,2000,2150,2300
2020,3,Punggol,1700,1900,2000,
2020,3,Queenstown,1900,2600,2850,
2020,3,Sembawang,,1800,1940,2100
2020,3,Sengkang,1700,1950,2000,2000
2020,3,Serangoon,1850,2300,2430,
2020,3,Tampines,1800,2000,2200,2400
2020,3,Toa Payoh,1840,2300,2500,
2020,3,Woodlands,1550,1800,1950,2200
2020,3,Yishun,1650,1800,2000,
2020,2,Ang Mo Kio,1700,2100,2350,
2020,2,Bedok,1700,2000,2300,2400
2020,2,Bishan,1800,2300,2500,
2020,2,Bukit Batok,1600,1900,2100,
2020,2,Bukit Merah,1950,2500,2700,
2020,2,Bukit Panjang,1500,1700,1900,2000
2020,2,Bukit Timah,,,,
2020,2,Central,2080,2500,,
2020,2,Choa Chu Kang,,1800,1850,21000
2020,2,Clementi,1880,2350,2580,
2020,2,Geylang,1750,2250,2450,
2020,2,Hougang,1650,1900,2100,2250
2020,2,Jurong East,1700,2000,2250,2500
2020,2,Jurong West,1650,2000,2100,2200
2020,2,Kallang/ Whampoa,1850,2400,2500,
2020,2,Marine Parade,1800,2050,,
2020,2,Pasir Ris,,1900,2050,2200
2020,2,Punggol,,1900,1900,
2020,2,Queenstown,1900,2550,2750,
2020,2,Sembawang,,1800,1900,2050
2020,2,Sengkang,,1850,1950,2100
2020,2,Serangoon,1800,2200,2100,
2020,2,Tampines,1750,2000,2200,2300
2020,2,Toa Payoh,1800,2300,2600,
2020,2,Woodlands,1400,1710,1800,2130
2020,2,Yishun,1550,1850,2000,2100
2020,1,Ang Mo Kio,1700,2100,2400,
2020,1,Bedok,1700,2000,2300,2480
2020,1,Bishan,1900,2200,2500,
2020,1,Bukit Batok,1600,1900,2100,2200
2020,1,Bukit Merah,1900,2500,2720,
2020,1,Bukit Panjang,1550,1800,1900,
2020,1,Bukit Timah,,,,
2020,1,Central,2200,2600,,
2020,1,Choa Chu Kang,,1800,1900,2100
2020,1,Clementi,1800,2350,2600,
2020,1,Geylang,1800,2300,2500,
2020,1,Hougang,1650,1950,2100,2400
2020,1,Jurong East,1700,2000,2300,
2020,1,Jurong West,1600,2000,2150,2300
2020,1,Kallang/ Whampoa,1900,2400,2600,
2020,1,Marine Parade,1800,2050,,
2020,1,Pasir Ris,,2000,2100,2250
2020,1,Punggol,,1900,1900,
2020,1,Queenstown,1900,2650,2800,
2020,1,Sembawang,,1800,1900,2100
2020,1,Sengkang,,1900,1950,2100
2020,1,Serangoon,1800,2200,2300,
2020,1,Tampines,1750,2100,2250,2400
2020,1,Toa Payoh,1800,2200,2500,
2020,1,Woodlands,1400,1750,1800,2000
2020,1,Yishun,1600,1800,2030,2100
2019,4,Ang Mo Kio,1700,2100,2300,
2019,4,Bedok,1700,2000,2250,2500
2019,4,Bishan,1800,2250,2550,
2019,4,Bukit Batok,1600,1900,2100,2200
2019,4,Bukit Merah,1900,2500,2800,
2019,4,Bukit Panjang,1500,1700,1850,1980
2019,4,Bukit Timah,,,,
2019,4,Central,2200,2550,,
2019,4,Choa Chu Kang,,1800,1850,2000
2019,4,Clementi,1850,2400,2500,
2019,4,Geylang,1800,2250,2500,
2019,4,Hougang,1600,1900,2100,2330
2019,4,Jurong East,1700,2000,2200,2500
2019,4,Jurong West,1600,1950,2180,2200
2019,4,Kallang/ Whampoa,1900,2400,2580,
2019,4,Marine Parade,1800,2100,,
2019,4,Pasir Ris,,2000,2100,2250
2019,4,Punggol,,1900,1900,
2019,4,Queenstown,1880,2600,2800,
2019,4,Sembawang,,1800,1900,2000
2019,4,Sengkang,1650,1900,1900,2100
2019,4,Serangoon,1750,2100,2250,2550
2019,4,Tampines,1750,2050,2200,2400
2019,4,Toa Payoh,1800,2300,2400,
2019,4,Woodlands,1450,1700,1800,2100
2019,4,Yishun,1600,1800,2000,2150
2019,3,Ang Mo Kio,1700,2100,2400,
2019,3,Bedok,1700,2000,2250,2400
2019,3,Bishan,1800,2300,2500,
2019,3,Bukit Batok,1600,1900,2050,2300
2019,3,Bukit Merah,1950,2500,2800,
2019,3,Bukit Panjang,1500,1700,1800,2080
2019,3,Bukit Timah,,,,
2019,3,Central,2200,2800,,
2019,3,Choa Chu Kang,1480,1750,1900,2030
2019,3,Clementi,1850,2400,2600,
2019,3,Geylang,1800,2250,2500,
2019,3,Hougang,1600,1900,2100,2300
2019,3,Jurong East,1700,2000,2200,2500
2019,3,Jurong West,1600,2000,2100,2300
2019,3,Kallang/ Whampoa,1900,2450,2630,
2019,3,Marine Parade,1800,2100,2500,
2019,3,Pasir Ris,,1950,2080,2300
2019,3,Punggol,1700,1900,1900,
2019,3,Queenstown,1900,2520,2800,
2019,3,Sembawang,,1800,1900,2000
2019,3,Sengkang,1650,1880,1900,2000
2019,3,Serangoon,1800,2190,2200,
2019,3,Tampines,1750,2000,2200,2400
2019,3,Toa Payoh,1800,2300,2600,
2019,3,Woodlands,1400,1700,1800,2100
2019,3,Yishun,1600,1800,2000,2000
2019,2,Ang Mo Kio,1700,2100,2300,
2019,2,Bedok,1700,2100,2300,2400
2019,2,Bishan,1800,2300,2500,
2019,2,Bukit Batok,1600,1900,2030,2280
2019,2,Bukit Merah,1900,2600,2730,
2019,2,Bukit Panjang,1500,1700,1800,2000
2019,2,Bukit Timah,,,,
2019,2,Central,2100,2700,,
2019,2,Choa Chu Kang,1500,1750,1800,2050
2019,2,Clementi,1800,2400,2500,
2019,2,Geylang,1800,2300,2400,
2019,2,Hougang,1650,1900,2050,2400
2019,2,Jurong East,1700,2050,2230,
2019,2,Jurong West,1600,2000,2100,2250
2019,2,Kallang/ Whampoa,1900,2400,2500,
2019,2,Marine Parade,1800,2100,,
2019,2,Pasir Ris,,1900,2050,2250
2019,2,Punggol,,1800,1900,
2019,2,Queenstown,1900,2600,2800,
2019,2,Sembawang,,1800,1900,2000
2019,2,Sengkang,,1800,1900,2090
2019,2,Serangoon,1750,2200,2200,2300
2019,2,Tampines,1700,2000,2200,2390
2019,2,Toa Payoh,1800,2250,2500,
2019,2,Woodlands,1430,1700,1800,2000
2019,2,Yishun,1500,1800,2000,2100
2019,1,Ang Mo Kio,1700,2100,2300,
2019,1,Bedok,1700,2000,2250,2400
2019,1,Bishan,1800,2200,2500,
2019,1,Bukit Batok,1600,1900,2100,2200
2019,1,Bukit Merah,1900,2500,2800,
2019,1,Bukit Panjang,1500,1700,1900,2000
2019,1,Bukit Timah,,,,
2019,1,Central,2150,2700,,
2019,1,Choa Chu Kang,,1700,1800,2000
2019,1,Clementi,1800,2300,2580,
2019,1,Geylang,1800,2300,2500,
2019,1,Hougang,1600,1900,2050,2250
2019,1,Jurong East,1700,2030,2300,2500
2019,1,Jurong West,1600,1950,2100,2250
2019,1,Kallang/ Whampoa,1850,2400,2600,
2019,1,Marine Parade,1850,2100,2500,
2019,1,Pasir Ris,,2000,2100,2250
2019,1,Punggol,,1800,1900,
2019,1,Queenstown,1900,2500,2800,
2019,1,Sembawang,,1800,1900,2000
2019,1,Sengkang,,1850,1900,2000
2019,1,Serangoon,1800,2200,2250,
2019,1,Tampines,1700,2000,2200,2400
2019,1,Toa Payoh,1800,2250,2500,
2019,1,Woodlands,1400,1750,1800,2100
2019,1,Yishun,1550,1800,2000,2100
2018,4,Ang Mo Kio,1700,2100,2330,
2018,4,Bedok,1700,2000,2200,2500
2018,4,Bishan,1800,2300,2500,
2018,4,Bukit Batok,1600,1900,2100,2100
2018,4,Bukit Merah,1900,2500,2700,
2018,4,Bukit Panjang,1500,1700,1800,2000
2018,4,Bukit Timah,,,,
2018,4,Central,2100,2600,,
2018,4,Choa Chu Kang,,1700,1800,2000
2018,4,Clementi,1800,2300,2500,
2018,4,Geylang,1750,2300,2500,
2018,4,Hougang,1600,1900,2030,2200
2018,4,Jurong East,1680,2000,2250,2500
2018,4,Jurong West,1600,2000,2200,2200
2018,4,Kallang/ Whampoa,1900,2400,2500,
2018,4,Marine Parade,1800,2100,,
2018,4,Pasir Ris,,1950,2000,2200
2018,4,Punggol,,1800,1900,2000
2018,4,Queenstown,1900,2500,2800,
2018,4,Sembawang,,1750,1900,2000
2018,4,Sengkang,,1800,1900,2000
2018,4,Serangoon,1800,2140,2200,2350
2018,4,Tampines,1700,2000,2200,2400
2018,4,Toa Payoh,1800,2300,2500,
2018,4,Woodlands,1400,1700,1800,2050
2018,4,Yishun,1550,1800,2000,2010
2018,3,Ang Mo Kio,1700,2100,2300,
2018,3,Bedok,1700,2000,2200,
2018,3,Bishan,1850,2200,2500,
2018,3,Bukit Batok,1600,1900,2000,2100
2018,3,Bukit Merah,1900,2550,2750,
2018,3,Bukit Panjang,1500,1700,1800,2000
2018,3,Bukit Timah,,,,
2018,3,Central,2100,2500,,
2018,3,Choa Chu Kang,1530,1750,1850,2000
2018,3,Clementi,1800,2400,2580,
2018,3,Geylang,1800,2300,2500,
2018,3,Hougang,1600,1900,2100,2300
2018,3,Jurong East,1700,2000,2200,
2018,3,Jurong West,1600,2000,2150,2300
2018,3,Kallang/ Whampoa,1900,2400,2600,
2018,3,Marine Parade,1800,2200,,
2018,3,Pasir Ris,,1900,2100,2250
2018,3,Punggol,,1850,1850,
2018,3,Queenstown,1900,2500,2800,
2018,3,Sembawang,,1750,1900,1950
2018,3,Sengkang,,1800,1900,2000
2018,3,Serangoon,1800,2200,2300,
2018,3,Tampines,1700,2000,2200,2300
2018,3,Toa Payoh,1800,2200,2500,
2018,3,Woodlands,1400,1700,1800,2000
2018,3,Yishun,1550,1800,2000,2100
2018,2,Ang Mo Kio,1700,2000,2400,
2018,2,Bedok,1700,2000,2300,2350
2018,2,Bishan,1850,2300,2550,
2018,2,Bukit Batok,1600,1900,2100,2250
2018,2,Bukit Merah,1900,2500,2750,
2018,2,Bukit Panjang,1500,1650,1800,2000
2018,2,Bukit Timah,,,,
2018,2,Central,2150,2750,,
2018,2,Choa Chu Kang,,1800,1900,2100
2018,2,Clementi,1890,2300,2600,
2018,2,Geylang,1800,2250,2450,
2018,2,Hougang,1600,1900,2100,2250
2018,2,Jurong East,1700,2000,2300,2600
2018,2,Jurong West,1600,2000,2100,2200
2018,2,Kallang/ Whampoa,1900,2400,2600,
2018,2,Marine Parade,1800,2100,,
2018,2,Pasir Ris,,1900,2000,2300
2018,2,Punggol,,1800,1850,
2018,2,Queenstown,1850,2600,2800,
2018,2,Sembawang,,1750,1900,2000
2018,2,Sengkang,,1800,1900,2000
2018,2,Serangoon,1800,2200,2250,2500
2018,2,Tampines,1700,2000,2200,2400
2018,2,Toa Payoh,1800,2350,2480,
2018,2,Woodlands,1400,1700,1850,2100
2018,2,Yishun,1500,1900,2000,2200
2018,1,Ang Mo Kio,1700,2100,2300,
2018,1,Bedok,1700,2050,2300,2400
2018,1,Bishan,1800,2250,2500,
2018,1,Bukit Batok,1600,1900,2100,2200
2018,1,Bukit Merah,1900,2500,2800,
2018,1,Bukit Panjang,1500,1700,1800,2000
2018,1,Bukit Timah,,,,
2018,1,Central,2100,2580,,
2018,1,Choa Chu Kang,,1750,1900,2000
2018,1,Clementi,1800,2300,2500,
2018,1,Geylang,1750,2300,2550,
2018,1,Hougang,1600,1900,2100,2350
2018,1,Jurong East,1700,2100,2300,2500
2018,1,Jurong West,1650,2000,2150,2300
2018,1,Kallang/ Whampoa,1850,2500,2600,
2018,1,Marine Parade,1800,2200,2500,
2018,1,Pasir Ris,,2000,2100,2300
2018,1,Punggol,,1800,1800,
2018,1,Queenstown,1850,2600,2800,
2018,1,Sembawang,,1850,1900,2100
2018,1,Sengkang,,1800,1900,2000
2018,1,Serangoon,1750,2200,2350,2500
2018,1,Tampines,1700,2000,2200,2400
2018,1,Toa Payoh,1800,2250,2600,
2018,1,Woodlands,1400,1800,1900,2100
2018,1,Yishun,1530,1890,2000,2200
2017,4,Ang Mo Kio,1700,2200,2450,
2017,4,Bedok,1700,2100,2200,
2017,4,Bishan,1900,2300,2600,
2017,4,Bukit Batok,1600,2000,2100,2350
2017,4,Bukit Merah,1900,2600,2850,
2017,4,Bukit Panjang,1500,1700,1850,2000
2017,4,Bukit Timah,,,,
2017,4,Central,2200,2750,,
2017,4,Choa Chu Kang,,1800,1890,2100
2017,4,Clementi,1800,2400,2530,
2017,4,Geylang,1800,2380,2530,
2017,4,Hougang,1600,1900,2100,2200
2017,4,Jurong East,1700,2100,2300,
2017,4,Jurong West,1700,2000,2200,2400
2017,4,Kallang/ Whampoa,1900,2500,2680,
2017,4,Marine Parade,1800,2200,,
2017,4,Pasir Ris,,1900,2100,2300
2017,4,Punggol,,1800,1800,
2017,4,Queenstown,1900,2600,2800,
2017,4,Sembawang,,1800,1900,2050
2017,4,Sengkang,,1800,1900,2050
2017,4,Serangoon,1800,2200,2200,2580
2017,4,Tampines,1700,2000,2200,2400
2017,4,Toa Payoh,1800,2350,2600,
2017,4,Woodlands,1400,1750,1900,2200
2017,4,Yishun,1550,1880,2000,2300
2017,3,Ang Mo Kio,1700,2200,2450,
2017,3,Bedok,1700,2100,2300,2500
2017,3,Bishan,1900,2300,2600,
2017,3,Bukit Batok,1600,2000,2200,2350
2017,3,Bukit Merah,2000,2600,2800,
2017,3,Bukit Panjang,1550,1750,1850,1990
2017,3,Bukit Timah,,,,
2017,3,Central,2200,2750,,
2017,3,Choa Chu Kang,,1800,2000,2100
2017,3,Clementi,1800,2450,2700,
2017,3,Geylang,1800,2300,2600,
2017,3,Hougang,1650,2000,2200,2400
2017,3,Jurong East,1750,2100,2300,2600
2017,3,Jurong West,1700,2100,2300,2400
2017,3,Kallang/ Whampoa,1900,2400,2650,
2017,3,Marine Parade,1800,2150,,
2017,3,Pasir Ris,,2000,2100,2390
2017,3,Punggol,,1800,1850,
2017,3,Queenstown,1900,2600,2800,
2017,3,Sembawang,,1800,2000,2100
2017,3,Sengkang,,1900,1900,2130
2017,3,Serangoon,1750,2200,2300,
2017,3,Tampines,1700,2050,2200,2400
2017,3,Toa Payoh,1800,2300,2600,
2017,3,Woodlands,1450,1800,1900,2200
2017,3,Yishun,1600,1800,2100,2230
2017,2,Ang Mo Kio,1750,2250,2400,
2017,2,Bedok,1700,2100,2250,2500
2017,2,Bishan,1800,2300,2600,
2017,2,Bukit Batok,1650,2000,2300,2450
2017,2,Bukit Merah,1950,2600,2750,
2017,2,Bukit Panjang,1500,1750,1880,1900
2017,2,Bukit Timah,,,,
2017,2,Central,2200,2700,,
2017,2,Choa Chu Kang,,1800,1900,2100
2017,2,Clementi,1900,2450,2730,
2017,2,Geylang,1800,2400,2500,
2017,2,Hougang,1650,2000,2100,2480
2017,2,Jurong East,1750,2150,2300,2500
2017,2,Jurong West,1700,2050,2300,2450
2017,2,Kallang/ Whampoa,1900,2500,2700,
2017,2,Marine Parade,1800,2200,2500,
2017,2,Pasir Ris,,2000,2180,2300
2017,2,Punggol,,1800,1850,
2017,2,Queenstown,2000,2600,2950,
2017,2,Sembawang,,1850,2000,2100
2017,2,Sengkang,,1800,1900,2000
2017,2,Serangoon,1800,2300,2300,2500
2017,2,Tampines,1700,2100,2200,2450
2017,2,Toa Payoh,1800,2370,2600,
2017,2,Woodlands,1480,1800,1900,2250
2017,2,Yishun,1600,1900,2100,2350
2017,1,Ang Mo Kio,1750,2200,2400,
2017,1,Bedok,1750,2100,2400,
2017,1,Bishan,1900,2300,2500,
2017,1,Bukit Batok,1650,2000,2280,2430
2017,1,Bukit Merah,2000,2600,2900,
2017,1,Bukit Panjang,1550,1800,1900,2000
2017,1,Bukit Timah,,,,
2017,1,Central,2200,2680,,
2017,1,Choa Chu Kang,1580,1800,2000,2200
2017,1,Clementi,1900,2500,2700,
2017,1,Geylang,1800,2400,2550,
2017,1,Hougang,1650,2000,2100,2500
2017,1,Jurong East,1800,2200,2400,2600
2017,1,Jurong West,1700,2150,2300,2500
2017,1,Kallang/ Whampoa,1950,2500,2800,
2017,1,Marine Parade,1900,2250,,
2017,1,Pasir Ris,,2000,2200,2330
2017,1,Punggol,,1800,1900,
2017,1,Queenstown,2000,2600,2900,
2017,1,Sembawang,,1800,2000,2180
2017,1,Sengkang,,1900,1950,2000
2017,1,Serangoon,1800,2400,2350,
2017,1,Tampines,1800,2100,2300,2400
2017,1,Toa Payoh,1800,2300,2600,
2017,1,Woodlands,1500,1800,1900,2200
2017,1,Yishun,1600,1930,2100,2300
2016,4,Ang Mo Kio,1800,2200,2500,
2016,4,Bedok,1800,2200,2380,2500
2016,4,Bishan,1850,2300,2600,
2016,4,Bukit Batok,1700,2100,2300,2450
2016,4,Bukit Merah,2000,2700,2900,
2016,4,Bukit Panjang,1580,1800,1900,2150
2016,4,Bukit Timah,,,,
2016,4,Central,2200,2750,3500,
2016,4,Choa Chu Kang,,1900,2000,2180
2016,4,Clementi,2000,2400,2800,
2016,4,Geylang,1800,2400,2500,
2016,4,Hougang,1690,2000,2200,2500
2016,4,Jurong East,1800,2300,2400,2700
2016,4,Jurong West,1700,2200,2400,2500
2016,4,Kallang/ Whampoa,1950,2500,2700,
2016,4,Marine Parade,1900,2200,,
2016,4,Pasir Ris,,2000,2200,2300
2016,4,Punggol,,1900,1900,
2016,4,Queenstown,2000,2730,2900,
2016,4,Sembawang,,1900,2050,2150
2016,4,Sengkang,,1900,2000,2180
2016,4,Serangoon,1830,2300,2450,2600
2016,4,Tampines,1800,2100,2300,2500
2016,4,Toa Payoh,1900,2400,2700,
2016,4,Woodlands,1500,1850,2000,2300
2016,4,Yishun,1600,2000,2130,2300
2016,3,Ang Mo Kio,1800,2300,2500,
2016,3,Bedok,1800,2200,2500,2680
2016,3,Bishan,2000,2400,2700,
2016,3,Bukit Batok,1700,2100,2400,2500
2016,3,Bukit Merah,2000,2700,3000,
2016,3,Bukit Panjang,1550,1800,1900,2100
2016,3,Bukit Timah,,,,
2016,3,Central,2250,3100,3600,
2016,3,Choa Chu Kang,,1900,2100,2200
2016,3,Clementi,2000,2600,,
2016,3,Geylang,1850,2500,2680,
2016,3,Hougang,1700,2100,2250,2400
2016,3,Jurong East,1800,2400,2500,2800
2016,3,Jurong West,1850,2300,2500,
2016,3,Kallang/ Whampoa,2000,2600,2800,
2016,3,Marine Parade,1900,2330,2500,
2016,3,Pasir Ris,,2100,2200,2400
2016,3,Punggol,,1900,2000,
2016,3,Queenstown,2000,2700,2950,
2016,3,Sembawang,,1950,2100,2200
2016,3,Sengkang,,2000,2000,2300
2016,3,Serangoon,1800,2330,2420,2600
2016,3,Tampines,1800,2200,2400,2500
2016,3,Toa Payoh,1950,2500,2700,
2016,3,Woodlands,1500,1900,2000,2330
2016,3,Yishun,1650,2000,2200,
2016,2,Ang Mo Kio,1800,2300,2600,
2016,2,Bedok,1800,2200,2400,2600
2016,2,Bishan,1900,2430,2700,3000
2016,2,Bukit Batok,1800,2150,2350,2500
2016,2,Bukit Merah,2050,2700,3000,
2016,2,Bukit Panjang,1600,1800,1980,2030
2016,2,Bukit Timah,,,,
2016,2,Central,2300,3000,,
2016,2,Choa Chu Kang,,2000,2100,2200
2016,2,Clementi,2000,2600,2800,
2016,2,Geylang,1900,2450,2700,
2016,2,Hougang,1750,2100,2300,2500
2016,2,Jurong East,1800,2400,2500,2800
2016,2,Jurong West,1800,2300,2450,2600
2016,2,Kallang/ Whampoa,2000,2500,2750,
2016,2,Marine Parade,1980,2300,2650,
2016,2,Pasir Ris,,2100,2300,2400
2016,2,Punggol,,1900,2000,
2016,2,Queenstown,2100,2800,3000,
2016,2,Sembawang,,2000,2100,2200
2016,2,Sengkang,,2000,2100,2300
2016,2,Serangoon,1850,2300,2500,2650
2016,2,Tampines,1850,2200,2400,2500
2016,2,Toa Payoh,2000,2400,2700,
2016,2,Woodlands,1500,1900,2050,2400
2016,2,Yishun,1700,2000,2200,2400
2016,1,Ang Mo Kio,1850,2300,2600,
2016,1,Bedok,1900,2300,2500,2800
2016,1,Bishan,2000,2450,2700,
2016,1,Bukit Batok,1800,2200,2300,2600
2016,1,Bukit Merah,2100,2750,3000,
2016,1,Bukit Panjang,1600,1900,1950,2100
2016,1,Bukit Timah,,,,
2016,1,Central,2300,3000,,
2016,1,Choa Chu Kang,,2000,2100,2230
2016,1,Clementi,2000,2600,2830,
2016,1,Geylang,1900,2400,2800,
2016,1,Hougang,1800,2100,2250,2500
2016,1,Jurong East,1830,2350,2500,2780
2016,1,Jurong West,1800,2300,2500,2650
2016,1,Kallang/ Whampoa,2000,2500,2900,
2016,1,Marine Parade,2000,2330,,
2016,1,Pasir Ris,,2100,2350,2500
2016,1,Punggol,,1900,2050,
2016,1,Queenstown,2100,2800,3000,
2016,1,Sembawang,,2000,2100,2300
2016,1,Sengkang,,2000,2100,2300
2016,1,Serangoon,1900,2380,2500,2800
2016,1,Tampines,1900,2250,2400,2600
2016,1,Toa Payoh,2000,2600,2750,
2016,1,Woodlands,1500,1900,2100,2400
2016,1,Yishun,1700,2000,2300,2500
2015,4,Ang Mo Kio,1900,2380,2600,
2015,4,Bedok,1900,2300,2550,2800
2015,4,Bishan,2000,2500,2750,
2015,4,Bukit Batok,1800,2200,2400,2600
2015,4,Bukit Merah,2100,2800,3100,
2015,4,Bukit Panjang,1650,1800,2000,2100
2015,4,Bukit Timah,,,,
2015,4,Central,2300,2880,,
2015,4,Choa Chu Kang,,2000,2100,2350
2015,4,Clementi,2000,2600,2850,
2015,4,Geylang,1900,2500,2750,
2015,4,Hougang,1800,2200,2350,2600
2015,4,Jurong East,1900,2400,2500,2650
2015,4,Jurong West,1800,2300,2500,2700
2015,4,Kallang/ Whampoa,2030,2600,2800,
2015,4,Marine Parade,2000,2300,2700,
2015,4,Pasir Ris,,2200,2300,2500
2015,4,Punggol,,2000,2100,2230
2015,4,Queenstown,2100,2800,3100,
2015,4,Sembawang,,2000,2200,2330
2015,4,Sengkang,,2000,2200,2400
2015,4,Serangoon,2000,2400,2400,2700
2015,4,Tampines,1950,2300,2400,2600
2015,4,Toa Payoh,2000,2500,2780,
2015,4,Woodlands,1600,2000,2100,2400
2015,4,Yishun,1700,2050,2300,2400
2015,3,Ang Mo Kio,1900,2400,2700,
2015,3,Bedok,1950,2300,2500,2700
2015,3,Bishan,2050,2500,2800,
2015,3,Bukit Batok,1800,2250,2500,2600
2015,3,Bukit Merah,2100,2800,3100,
2015,3,Bukit Panjang,1600,1850,1900,2200
2015,3,Bukit Timah,,,,
2015,3,Central,2300,3100,,
2015,3,Choa Chu Kang,,2000,2150,2400
2015,3,Clementi,2100,2700,2800,
2015,3,Geylang,2000,2500,2800,
2015,3,Hougang,1850,2200,2400,2600
2015,3,Jurong East,2000,2500,2550,2850
2015,3,Jurong West,1800,2400,2500,2750
2015,3,Kallang/ Whampoa,2050,2600,2900,
2015,3,Marine Parade,2150,2400,,
2015,3,Pasir Ris,,2200,2400,2600
2015,3,Punggol,,2000,2200,
2015,3,Queenstown,2200,2900,3200,
2015,3,Sembawang,,2000,2100,2300
2015,3,Sengkang,,2100,2200,2400
2015,3,Serangoon,2000,2500,2500,
2015,3,Tampines,2000,2330,2500,2700
2015,3,Toa Payoh,2000,2500,2980,
2015,3,Woodlands,1600,2000,2100,2350
2015,3,Yishun,1750,2100,2300,2500
2015,2,Ang Mo Kio,1900,2400,2700,
2015,2,Bedok,1950,2300,2500,2700
2015,2,Bishan,2100,2500,2800,
2015,2,Bukit Batok,1900,2300,2400,2550
2015,2,Bukit Merah,2200,2850,3180,
2015,2,Bukit Panjang,1700,1850,2000,2300
2015,2,Bukit Timah,,,,
2015,2,Central,2300,3000,3500,
2015,2,Choa Chu Kang,,2080,2200,2350
2015,2,Clementi,2100,2600,2830,
2015,2,Geylang,2000,2500,2750,
2015,2,Hougang,1800,2200,2400,2700
2015,2,Jurong East,2000,2450,2600,2800
2015,2,Jurong West,1850,2400,2600,2700
2015,2,Kallang/ Whampoa,2100,2700,2850,
2015,2,Marine Parade,2100,2400,,
2015,2,Pasir Ris,,2200,2400,2600
2015,2,Punggol,,2100,2200,
2015,2,Queenstown,2200,2980,3100,
2015,2,Sembawang,,2000,2200,2200
2015,2,Sengkang,,2200,2250,2400
2015,2,Serangoon,2000,2420,2600,2900
2015,2,Tampines,2000,2350,2500,2700
2015,2,Toa Payoh,2000,2550,2800,
2015,2,Woodlands,1600,2000,2100,2450
2015,2,Yishun,1800,2100,2300,2500
2015,1,Ang Mo Kio,2000,2400,2700,
2015,1,Bedok,2000,2400,2600,
2015,1,Bishan,2000,2500,2800,
2015,1,Bukit Batok,1900,2200,2400,2650
2015,1,Bukit Merah,2200,2800,3200,
2015,1,Bukit Panjang,1680,1900,2100,2250
2015,1,Bukit Timah,,,,
2015,1,Central,2350,3000,,
2015,1,Choa Chu Kang,,2020,2200,2400
2015,1,Clementi,2100,2650,2900,
2015,1,Geylang,2000,2600,2800,
2015,1,Hougang,1850,2250,2400,2600
2015,1,Jurong East,2000,2400,2600,
2015,1,Jurong West,1900,2400,2600,2780
2015,1,Kallang/ Whampoa,2000,2700,3000,
2015,1,Marine Parade,2100,2400,,
2015,1,Pasir Ris,,2250,2500,2600
2015,1,Punggol,,2100,2200,
2015,1,Queenstown,2200,2800,3200,
2015,1,Sembawang,,2050,2230,2380
2015,1,Sengkang,,2200,2300,2500
2015,1,Serangoon,2050,2400,2500,2800
2015,1,Tampines,2000,2300,2500,2700
2015,1,Toa Payoh,2000,2600,2850,
2015,1,Woodlands,1600,2000,2200,2400
2015,1,Yishun,1800,2100,2400,2500
2014,4,Ang Mo Kio,2000,2450,2800,
2014,4,Bedok,2000,2400,2600,2700
2014,4,Bishan,2000,2600,2900,
2014,4,Bukit Batok,1900,2300,2480,2700
2014,4,Bukit Merah,2200,3000,3200,
2014,4,Bukit Panjang,1700,2000,2150,2300
2014,4,Bukit Timah,,,,
2014,4,Central,2400,3000,,
2014,4,Choa Chu Kang,,2150,2200,2450
2014,4,Clementi,2150,2650,2900,
2014,4,Geylang,2000,2500,2800,
2014,4,Hougang,1900,2300,2400,2700
2014,4,Jurong East,2000,2500,2700,2850
2014,4,Jurong West,1900,2500,2650,2800
2014,4,Kallang/ Whampoa,2100,2700,2800,
2014,4,Marine Parade,2100,2600,2800,
2014,4,Pasir Ris,,2300,2500,2650
2014,4,Punggol,,2200,2300,
2014,4,Queenstown,2200,2900,3200,
2014,4,Sembawang,,2100,2200,2400
2014,4,Sengkang,,2200,2300,2550
2014,4,Serangoon,2000,2500,2700,2800
2014,4,Tampines,2000,2400,2500,2700
2014,4,Toa Payoh,2100,2550,2800,
2014,4,Woodlands,1600,2090,2200,2500
2014,4,Yishun,1800,2150,2400,2500
2014,3,Ang Mo Kio,2000,2400,2700,
2014,3,Bedok,2000,2400,2600,2900
2014,3,Bishan,2100,2600,2900,
2014,3,Bukit Batok,1900,2350,2500,2700
2014,3,Bukit Merah,2200,2970,3300,
2014,3,Bukit Panjang,1800,2000,2100,2200
2014,3,Bukit Timah,,,,
2014,3,Central,2400,3000,,
2014,3,Choa Chu Kang,,2150,2300,2500
2014,3,Clementi,2200,2800,2880,
2014,3,Geylang,2100,2500,2800,
2014,3,Hougang,1900,2300,2500,2800
2014,3,Jurong East,2000,2500,2700,2800
2014,3,Jurong West,1900,2500,2600,2800
2014,3,Kallang/ Whampoa,2100,2600,3000,
2014,3,Marine Parade,2200,2480,,
2014,3,Pasir Ris,,2300,2500,2700
2014,3,Punggol,,2200,2300,
2014,3,Queenstown,2200,3000,3230,
2014,3,Sembawang,,2100,2300,2300
2014,3,Sengkang,,2200,2400,2500
2014,3,Serangoon,2000,2500,2600,3000
2014,3,Tampines,2100,2400,2600,2800
2014,3,Toa Payoh,2100,2630,2900,
2014,3,Woodlands,1650,2050,2250,2500
2014,3,Yishun,1800,2200,2350,2600
2014,2,Ang Mo Kio,2000,2500,2800,
2014,2,Bedok,2000,2400,2600,
2014,2,Bishan,2100,2650,3000,
2014,2,Bukit Batok,1910,2400,2550,
2014,2,Bukit Merah,2250,2900,3300,
2014,2,Bukit Panjang,1800,2000,2200,2300
2014,2,Bukit Timah,,,,
2014,2,Central,2400,2950,,
2014,2,Choa Chu Kang,,2200,2300,2400
2014,2,Clementi,2200,2700,3000,
2014,2,Geylang,2000,2600,2800,
2014,2,Hougang,1900,2300,2500,2700
2014,2,Jurong East,2000,2500,2700,2800
2014,2,Jurong West,2000,2500,2650,2800
2014,2,Kallang/ Whampoa,2100,2700,2930,
2014,2,Marine Parade,2200,2500,,
2014,2,Pasir Ris,,2300,2500,2600
2014,2,Punggol,,2200,2350,
2014,2,Queenstown,2250,3000,3200,
2014,2,Sembawang,,2200,2250,2500
2014,2,Sengkang,,2250,2350,2600
2014,2,Serangoon,2000,2550,2700,2850
2014,2,Tampines,2100,2400,2600,2880
2014,2,Toa Payoh,2100,2700,2900,
2014,2,Woodlands,1700,2000,2200,2500
2014,2,Yishun,1800,2200,2400,2500
2014,1,Ang Mo Kio,2000,2480,2700,
2014,1,Bedok,2050,2400,2650,2850
2014,1,Bishan,2200,2630,2850,
2014,1,Bukit Batok,1900,2300,2500,
2014,1,Bukit Merah,2210,2900,3300,
2014,1,Bukit Panjang,,2050,2150,2400
2014,1,Bukit Timah,,,,
2014,1,Central,2500,2800,,
2014,1,Choa Chu Kang,,2180,2300,2500
2014,1,Clementi,2200,2750,3000,
2014,1,Geylang,2050,2600,2850,
2014,1,Hougang,1980,2300,2450,2800
2014,1,Jurong East,2000,2500,2630,
2014,1,Jurong West,1900,2400,2680,2800
2014,1,Kallang/ Whampoa,2100,2800,2950,
2014,1,Marine Parade,2250,,,
2014,1,Pasir Ris,,2400,2500,2800
2014,1,Punggol,,2200,2350,
2014,1,Queenstown,2300,3000,3280,
2014,1,Sembawang,,2150,2300,2400
2014,1,Sengkang,,2300,2400,2600
2014,1,Serangoon,2100,2600,2600,2900
2014,1,Tampines,2150,2450,2640,2800
2014,1,Toa Payoh,2200,2540,3000,
2014,1,Woodlands,1700,2100,2300,2600
2014,1,Yishun,1850,2200,2430,2600
2013,4,Ang Mo Kio,2000,2550,2700,
2013,4,Bedok,2100,2450,2800,
2013,4,Bishan,2200,2630,2800,
2013,4,Bukit Batok,1960,2400,2600,
2013,4,Bukit Merah,2200,2900,3200,
2013,4,Bukit Panjang,1800,2000,2200,
2013,4,Bukit Timah,,,,
2013,4,Central,2450,3000,,
2013,4,Choa Chu Kang,,2200,2350,2500
2013,4,Clementi,2200,2700,3000,
2013,4,Geylang,2100,2700,2900,
2013,4,Hougang,1950,2350,2600,2800
2013,4,Jurong East,2000,2500,2800,
2013,4,Jurong West,2000,2500,2630,2800
2013,4,Kallang/ Whampoa,2150,2800,2900,
2013,4,Marine Parade,2200,2600,,
2013,4,Pasir Ris,,2400,2600,2800
2013,4,Punggol,,2250,2480,
2013,4,Queenstown,2300,3000,3200,
2013,4,Sembawang,,2200,2400,2550
2013,4,Sengkang,,2300,2400,2700
2013,4,Serangoon,2100,2500,2600,
2013,4,Tampines,2100,2500,2600,2980
2013,4,Toa Payoh,2150,2700,3050,
2013,4,Woodlands,1780,2200,2300,2500
2013,4,Yishun,1900,2200,2500,2800
2013,3,Ang Mo Kio,2000,2500,2800,
2013,3,Bedok,2050,2400,2700,2750
2013,3,Bishan,2100,2600,3000,
2013,3,Bukit Batok,1950,2400,2530,2730
2013,3,Bukit Merah,2300,3000,3300,
2013,3,Bukit Panjang,1800,2100,2300,2390
2013,3,Bukit Timah,,,,
2013,3,Central,2400,2950,,
2013,3,Choa Chu Kang,,2300,2400,2500
2013,3,Clementi,2200,2630,2900,
2013,3,Geylang,2100,2600,2900,
2013,3,Hougang,2000,2400,2500,2800
2013,3,Jurong East,2000,2500,2650,3000
2013,3,Jurong West,1900,2500,2650,2700
2013,3,Kallang/ Whampoa,2200,2650,3000,
2013,3,Marine Parade,2200,2600,,
2013,3,Pasir Ris,,2500,2600,2800
2013,3,Punggol,,2300,2500,
2013,3,Queenstown,2300,2900,3400,
2013,3,Sembawang,,2200,2400,2500
2013,3,Sengkang,,2400,2500,2650
2013,3,Serangoon,2000,2580,2700,
2013,3,Tampines,2180,2500,2700,2900
2013,3,Toa Payoh,2100,2630,3000,
2013,3,Woodlands,1700,2200,2300,2500
2013,3,Yishun,1900,2230,2500,
2013,2,Ang Mo Kio,2000,2500,2800,
2013,2,Bedok,2100,2430,2680,
2013,2,Bishan,2200,2600,2900,
2013,2,Bukit Batok,2000,2350,2500,2800
2013,2,Bukit Merah,2200,3000,3300,
2013,2,Bukit Panjang,1850,2180,2250,2400
2013,2,Bukit Timah,,,,
2013,2,Central,2400,3000,,
2013,2,Choa Chu Kang,,2200,2350,2500
2013,2,Clementi,2200,2700,2980,
2013,2,Geylang,2000,2600,2800,
2013,2,Hougang,1950,2300,2500,2800
2013,2,Jurong East,1930,2500,2720,
2013,2,Jurong West,1900,2400,2640,2800
2013,2,Kallang/ Whampoa,2100,2700,3000,
2013,2,Marine Parade,2300,,,
2013,2,Pasir Ris,,2400,2590,2700
2013,2,Punggol,,2350,2500,
2013,2,Queenstown,2200,3000,3200,
2013,2,Sembawang,,2200,2300,2630
2013,2,Sengkang,,2380,2500,2700
2013,2,Serangoon,2050,2450,2600,
2013,2,Tampines,2150,2500,2700,2940
2013,2,Toa Payoh,2100,2800,3000,
2013,2,Woodlands,1700,2150,2300,2600
2013,2,Yishun,1900,2200,2450,2600
2013,1,Ang Mo Kio,2000,2500,2800,
2013,1,Bedok,2000,2500,2700,
2013,1,Bishan,2080,2600,2800,
2013,1,Bukit Batok,2000,2400,2500,
2013,1,Bukit Merah,2200,2970,3300,
2013,1,Bukit Panjang,1800,2100,2200,2400
2013,1,Bukit Timah,,,,
2013,1,Central,2450,,,
2013,1,Choa Chu Kang,,2200,2400,2700
2013,1,Clementi,2150,2600,2900,
2013,1,Geylang,2000,2500,,
2013,1,Hougang,1950,2400,2500,2850
2013,1,Jurong East,1980,2500,2600,
2013,1,Jurong West,1850,2400,2600,2780
2013,1,Kallang/ Whampoa,2100,2700,2980,
2013,1,Marine Parade,2300,,,
2013,1,Pasir Ris,,2430,2600,2900
2013,1,Punggol,,2300,2500,
2013,1,Queenstown,2200,2900,3200,
2013,1,Sembawang,,2180,2400,2600
2013,1,Sengkang,,2400,2500,2730
2013,1,Serangoon,2000,2400,,
2013,1,Tampines,2150,2500,2750,2900
2013,1,Toa Payoh,2100,2600,2900,
2013,1,Woodlands,1700,2100,2300,2600
2013,1,Yishun,1900,2250,2500,
2012,4,Ang Mo Kio,2000,2500,2750,
2012,4,Bedok,2050,2400,2780,
2012,4,Bishan,2050,2600,2830,
2012,4,Bukit Batok,1900,2330,2550,
2012,4,Bukit Merah,2200,2900,3200,
2012,4,Bukit Panjang,,2100,2300,2400
2012,4,Bukit Timah,,,,
2012,4,Central,2400,,,
2012,4,Choa Chu Kang,,2200,2400,2600
2012,4,Clementi,2200,2700,,
2012,4,Geylang,2100,2500,,
2012,4,Hougang,1930,2300,2500,2800
2012,4,Jurong East,2000,2450,2700,
2012,4,Jurong West,1900,2500,2700,2800
2012,4,Kallang/ Whampoa,2100,2700,2800,
2012,4,Marine Parade,2150,2600,,
2012,4,Pasir Ris,,2450,2600,2700
2012,4,Punggol,,2300,2500,
2012,4,Queenstown,2200,2900,,
2012,4,Sembawang,,2200,2400,
2012,4,Sengkang,,2400,2500,2650
2012,4,Serangoon,2080,2550,2530,
2012,4,Tampines,2100,2500,2650,2800
2012,4,Toa Payoh,2200,2600,3000,
2012,4,Woodlands,1750,2150,2300,2500
2012,4,Yishun,1900,2200,2400,
2012,3,Ang Mo Kio,2000,2400,2800,
2012,3,Bedok,2000,2400,2600,
2012,3,Bishan,2000,2500,2800,
2012,3,Bukit Batok,1900,2300,2550,2600
2012,3,Bukit Merah,2200,2950,3200,
2012,3,Bukit Panjang,1800,2100,2250,2500
2012,3,Bukit Timah,,,,
2012,3,Central,2400,2800,,
2012,3,Choa Chu Kang,,2250,2300,2600
2012,3,Clementi,2100,2600,2700,
2012,3,Geylang,1950,2500,2800,
2012,3,Hougang,1900,2400,2500,2900
2012,3,Jurong East,2000,2300,2500,
2012,3,Jurong West,1800,2380,2600,2800
2012,3,Kallang/ Whampoa,2030,2500,2900,
2012,3,Marine Parade,2300,2550,,
2012,3,Pasir Ris,,2300,2500,2800
2012,3,Punggol,,2300,2450,
2012,3,Queenstown,2200,2900,3300,
2012,3,Sembawang,,2150,2350,2500
2012,3,Sengkang,,2350,2500,2600
2012,3,Serangoon,2000,2400,2650,
2012,3,Tampines,2100,2400,2650,2800
2012,3,Toa Payoh,2000,2600,2900,
2012,3,Woodlands,1700,2100,2300,2550
2012,3,Yishun,1800,2200,2450,
2012,2,Ang Mo Kio,2000,2400,2700,
2012,2,Bedok,1950,2300,2500,
2012,2,Bishan,2050,2550,2800,
2012,2,Bukit Batok,1900,2230,2450,
2012,2,Bukit Merah,2100,2800,3200,
2012,2,Bukit Panjang,1800,2000,2200,
2012,2,Bukit Timah,,,,
2012,2,Central,2300,2800,,
2012,2,Choa Chu Kang,,2200,2300,2400
2012,2,Clementi,2000,2550,2800,
2012,2,Geylang,1930,2200,,
2012,2,Hougang,1800,2300,2400,2800
2012,2,Jurong East,1800,2300,2600,
2012,2,Jurong West,1800,2350,2450,2700
2012,2,Kallang/ Whampoa,2000,2500,2800,
2012,2,Marine Parade,2200,,,
2012,2,Pasir Ris,,2300,2500,2600
2012,2,Punggol,,2300,2430,
2012,2,Queenstown,2200,2950,3000,
2012,2,Sembawang,,2050,2400,2500
2012,2,Sengkang,,2300,2440,2650
2012,2,Serangoon,1950,2500,2470,
2012,2,Tampines,2000,2350,2540,2800
2012,2,Toa Payoh,1980,2500,2700,
2012,2,Woodlands,1700,2050,2200,2500
2012,2,Yishun,1850,2190,2400,2500
2012,1,Ang Mo Kio,1800,2250,2500,
2012,1,Bedok,1780,2200,2500,
2012,1,Bishan,1750,2300,2600,
2012,1,Bukit Batok,1750,2170,2400,
2012,1,Bukit Merah,2000,2700,2950,
2012,1,Bukit Panjang,1600,2000,2150,2250
2012,1,Bukit Timah,,,,
2012,1,Central,2200,,,
2012,1,Choa Chu Kang,,2100,2220,2400
2012,1,Clementi,2000,2350,2750,2800
2012,1,Geylang,1900,2300,,
2012,1,Hougang,1800,2150,2400,2700
2012,1,Jurong East,1700,2200,2400,2300
2012,1,Jurong West,1700,2000,2400,2500
2012,1,Kallang/ Whampoa,1800,2400,2700,
2012,1,Marine Parade,2100,2400,,
2012,1,Pasir Ris,,2250,2500,2560
2012,1,Punggol,,2200,2400,
2012,1,Queenstown,1930,2600,2700,
2012,1,Sembawang,,2080,2250,
2012,1,Sengkang,,2200,2400,2400
2012,1,Serangoon,1850,2200,2500,
2012,1,Tampines,1900,2300,2450,2500
2012,1,Toa Payoh,1900,2350,2800,
2012,1,Woodlands,1650,2000,2200,2480
2012,1,Yishun,1700,2000,2300,
2011,4,Ang Mo Kio,1900,2450,2600,
2011,4,Bedok,1800,2200,2500,
2011,4,Bishan,1930,2500,2800,
2011,4,Bukit Batok,1750,2200,2300,
2011,4,Bukit Merah,2100,2600,3200,
2011,4,Bukit Panjang,1700,2100,2100,2300
2011,4,Bukit Timah,,,,
2011,4,Central,2300,2600,,
2011,4,Choa Chu Kang,,2150,2250,2400
2011,4,Clementi,2000,2400,,
2011,4,Geylang,1900,2400,,
2011,4,Hougang,1800,2200,2400,2700
2011,4,Jurong East,1800,2200,2330,
2011,4,Jurong West,1700,2200,2400,2600
2011,4,Kallang/ Whampoa,2000,2500,2700,
2011,4,Marine Parade,2000,2500,,
2011,4,Pasir Ris,,2200,2450,2600
2011,4,Punggol,,2250,2350,
2011,4,Queenstown,2000,2500,,
2011,4,Sembawang,,2,2280,
2011,4,Sengkang,,2300,2400,2500
2011,4,Serangoon,1800,2280,2680,
2011,4,Tampines,1900,2300,2500,2800
2011,4,Toa Payoh,2000,2500,2650,
2011,4,Woodlands,1630,2100,2200,2400
2011,4,Yishun,1750,2100,2300,
2011,3,Ang Mo Kio,1850,2300,2530,
2011,3,Bedok,1800,2150,2350,2450
2011,3,Bishan,1900,2500,2600,
2011,3,Bukit Batok,1800,2120,2350,
2011,3,Bukit Merah,2000,2600,2860,
2011,3,Bukit Panjang,1700,2000,2130,
2011,3,Bukit Timah,,,,
2011,3,Central,2200,2500,,
2011,3,Choa Chu Kang,,2100,2200,2400
2011,3,Clementi,1900,2300,2500,
2011,3,Geylang,1880,2400,,
2011,3,Hougang,1800,2100,2400,2500
2011,3,Jurong East,1700,2200,2230,
2011,3,Jurong West,1600,2180,2400,2500
2011,3,Kallang/ Whampoa,1800,2400,2700,
2011,3,Marine Parade,1950,,,
2011,3,Pasir Ris,,2150,2300,2500
2011,3,Punggol,,2000,2300,
2011,3,Queenstown,2000,2700,3000,
2011,3,Sembawang,,2030,2200,2200
2011,3,Sengkang,,2200,2300,2550
2011,3,Serangoon,1800,2300,2400,
2011,3,Tampines,2000,2200,2450,2600
2011,3,Toa Payoh,1800,2300,2700,
2011,3,Woodlands,1700,2000,2200,2300
2011,3,Yishun,1750,2000,2300,
2011,2,Ang Mo Kio,1730,2200,2500,
2011,2,Bedok,1700,2000,2200,2600
2011,2,Bishan,1700,2200,2600,
2011,2,Bukit Batok,1600,2000,2200,2500
2011,2,Bukit Merah,1900,2500,2800,
2011,2,Bukit Panjang,1480,1950,2000,2300
2011,2,Bukit Timah,,1950,2350,
2011,2,Central,2100,2500,3000,
2011,2,Choa Chu Kang,1600,1950,2100,2300
2011,2,Clementi,1800,2300,2600,
2011,2,Geylang,1650,2000,2200,
2011,2,Hougang,1700,2000,2300,2440
2011,2,Jurong East,1600,2000,2300,2500
2011,2,Jurong West,1600,2000,2300,2480
2011,2,Kallang/ Whampoa,1800,2280,2750,
2011,2,Marine Parade,2000,2280,,
2011,2,Pasir Ris,1500,2000,2400,2400
2011,2,Punggol,,2100,2230,
2011,2,Queenstown,1900,2400,2750,
2011,2,Sembawang,,2000,2200,2200
2011,2,Sengkang,,2100,2250,2400
2011,2,Serangoon,1800,2100,2300,2400
2011,2,Tampines,1800,2100,2390,2500
2011,2,Toa Payoh,1800,2300,2500,
2011,2,Woodlands,1600,1800,2000,2300
2011,2,Yishun,1700,2000,2200,2400
2011,1,Ang Mo Kio,1700,2100,2530,
2011,1,Bedok,1700,2000,2300,
2011,1,Bishan,1530,2230,2500,
2011,1,Bukit Batok,1600,1900,2200,
2011,1,Bukit Merah,1800,2500,2600,
2011,1,Bukit Panjang,1500,1800,1900,
2011,1,Bukit Timah,,,,
2011,1,Central,2000,,,
2011,1,Choa Chu Kang,,1950,2050,2300
2011,1,Clementi,1800,2250,2680,
2011,1,Geylang,1600,2100,2400,
2011,1,Hougang,1600,1900,2280,2380
2011,1,Jurong East,1600,2000,2380,
2011,1,Jurong West,1600,1950,2200,2300
2011,1,Kallang/ Whampoa,1780,2300,2600,
2011,1,Marine Parade,2000,2300,,
2011,1,Pasir Ris,,2100,2210,2400
2011,1,Punggol,,1950,2200,
2011,1,Queenstown,1800,2300,2800,
2011,1,Sembawang,,1900,2000,
2011,1,Sengkang,,2080,2180,2300
2011,1,Serangoon,1650,2050,2200,
2011,1,Tampines,1750,2050,2300,2400
2011,1,Toa Payoh,1800,2200,2500,
2011,1,Woodlands,1500,1800,2000,2150
2011,1,Yishun,1600,1900,2200,
2010,4,Ang Mo Kio,1610,2100,2200,
2010,4,Bedok,1580,2000,2250,
2010,4,Bishan,1610,2200,2400,
2010,4,Bukit Batok,1550,1900,,
2010,4,Bukit Merah,1800,2400,2800,
2010,4,Bukit Panjang,,1700,1950,
2010,4,Bukit Timah,,,,
2010,4,Central,2050,2400,,
2010,4,Choa Chu Kang,,1900,2000,2300
2010,4,Clementi,1700,2200,2400,
2010,4,Geylang,1630,2050,,
2010,4,Hougang,1600,1930,2150,2450
2010,4,Jurong East,1600,2000,2100,
2010,4,Jurong West,1500,2000,2200,2300
2010,4,Kallang/ Whampoa,1700,2250,2440,
2010,4,Marine Parade,1900,,,
2010,4,Pasir Ris,,2000,2100,2300
2010,4,Punggol,,1900,2100,
2010,4,Queenstown,1780,2380,2550,
2010,4,Sembawang,,1850,2000,2200
2010,4,Sengkang,,2000,2100,2300
2010,4,Serangoon,1700,2030,,
2010,4,Tampines,1700,1950,2200,2350
2010,4,Toa Payoh,1700,2000,,
2010,4,Woodlands,1430,1800,2000,2050
2010,4,Yishun,1500,1800,2000,2250
2010,3,Ang Mo Kio,1530,2000,2300,
2010,3,Bedok,1500,1880,2100,
2010,3,Bishan,1520,2100,2300,
2010,3,Bukit Batok,1500,1800,2100,
2010,3,Bukit Merah,1800,2300,2630,
2010,3,Bukit Panjang,1400,1700,1850,
2010,3,Bukit Timah,,,,
2010,3,Central,2000,2400,,
2010,3,Choa Chu Kang,,1800,2000,2100
2010,3,Clementi,1700,2100,2400,
2010,3,Geylang,1500,1900,2200,
2010,3,Hougang,1500,1810,2000,2300
2010,3,Jurong East,1500,1900,2000,
2010,3,Jurong West,1400,1850,2150,2300
2010,3,Kallang/ Whampoa,1600,2100,2500,
2010,3,Marine Parade,1800,2000,,
2010,3,Pasir Ris,,1900,2000,2250
2010,3,Punggol,,1800,2000,
2010,3,Queenstown,1700,2300,2400,
2010,3,Sembawang,,1700,1790,
2010,3,Sengkang,,1900,2000,2100
2010,3,Serangoon,1580,1950,2100,
2010,3,Tampines,1600,1850,2200,2300
2010,3,Toa Payoh,1600,2100,2200,
2010,3,Woodlands,1350,1700,1900,2100
2010,3,Yishun,1480,1700,2000,
2010,2,Ang Mo Kio,1500,1850,2140,
2010,2,Bedok,1500,1800,2000,
2010,2,Bishan,1500,1980,2300,
2010,2,Bukit Batok,1500,1800,2000,2150
2010,2,Bukit Merah,1650,2200,2500,
2010,2,Bukit Panjang,1300,1600,1800,1900
2010,2,Bukit Timah,,,,
2010,2,Central,1800,2400,,
2010,2,Choa Chu Kang,,1700,1900,2000
2010,2,Clementi,1600,2000,,
2010,2,Geylang,1500,1900,2000,
2010,2,Hougang,1450,1700,1900,2200
2010,2,Jurong East,1500,1830,2000,
2010,2,Jurong West,1400,1800,2000,2100
2010,2,Kallang/ Whampoa,1550,2000,2200,
2010,2,Marine Parade,1710,2100,,
2010,2,Pasir Ris,,1800,1900,2100
2010,2,Punggol,,1740,1910,
2010,2,Queenstown,1650,2300,2400,
2010,2,Sembawang,,1700,1800,1900
2010,2,Sengkang,,1750,1950,2200
2010,2,Serangoon,1500,1800,2000,
2010,2,Tampines,1580,1850,2000,2100
2010,2,Toa Payoh,1550,2000,2300,
2010,2,Woodlands,1300,1650,1700,1900
2010,2,Yishun,1400,1700,1850,2000
2010,1,Ang Mo Kio,1450,1830,2000,
2010,1,Bedok,1500,1700,2000,
2010,1,Bishan,1470,2000,2100,
2010,1,Bukit Batok,1400,1780,1900,2050
2010,1,Bukit Merah,1600,2200,2400,
2010,1,Bukit Panjang,1280,1550,1700,1800
2010,1,Bukit Timah,,,,
2010,1,Central,1900,2300,,
2010,1,Choa Chu Kang,,1700,1800,1900
2010,1,Clementi,1550,1950,2250,
2010,1,Geylang,1400,1800,,
2010,1,Hougang,1380,1700,1900,2100
2010,1,Jurong East,1400,1800,2000,
2010,1,Jurong West,1330,1800,2000,
2010,1,Kallang/ Whampoa,1500,1940,2250,
2010,1,Marine Parade,1640,,,
2010,1,Pasir Ris,,1700,1900,2000
2010,1,Punggol,,1700,1900,
2010,1,Queenstown,1600,2130,2400,
2010,1,Sembawang,,1700,1800,1800
2010,1,Sengkang,,1700,1800,2050
2010,1,Serangoon,1480,1830,1980,
2010,1,Tampines,1550,1800,2000,2000
2010,1,Toa Payoh,1500,1950,2330,
2010,1,Woodlands,1300,1600,1700,1880
2010,1,Yishun,1350,1600,1800,
2009,4,Ang Mo Kio,1450,1850,2000,
2009,4,Bedok,1500,1700,1900,
2009,4,Bishan,,1900,2050,
2009,4,Bukit Batok,1450,1700,,
2009,4,Bukit Merah,1600,2160,2430,
2009,4,Bukit Panjang,,1500,1640,
2009,4,Bukit Timah,,,,
2009,4,Central,1730,,,
2009,4,Choa Chu Kang,,1700,1800,1980
2009,4,Clementi,1550,2000,,
2009,4,Geylang,,1800,,
2009,4,Hougang,1350,1700,1900,2000
2009,4,Jurong East,1400,1800,1930,
2009,4,Jurong West,1350,1800,2000,2050
2009,4,Kallang/ Whampoa,1530,1980,,
2009,4,Marine Parade,1580,,,
2009,4,Pasir Ris,,1700,1900,1920
2009,4,Punggol,,1630,1800,
2009,4,Queenstown,1650,2140,,
2009,4,Sembawang,,1600,1800,
2009,4,Sengkang,,1700,1850,
2009,4,Serangoon,1500,1850,2000,
2009,4,Tampines,1500,1800,1900,
2009,4,Toa Payoh,1550,1900,,
2009,4,Woodlands,1300,1600,1700,1830
2009,4,Yishun,1400,1600,1730,
2009,3,Ang Mo Kio,1400,1800,2000,
2009,3,Bedok,1400,1700,1800,
2009,3,Bishan,1440,1800,2000,
2009,3,Bukit Batok,1350,1600,,
2009,3,Bukit Merah,1580,2000,2350,
2009,3,Bukit Panjang,,1550,1580,
2009,3,Bukit Timah,,,,
2009,3,Central,1670,,,
2009,3,Choa Chu Kang,,1600,1800,
2009,3,Clementi,1530,1900,,
2009,3,Geylang,1400,1730,,
2009,3,Hougang,1400,1700,1800,
2009,3,Jurong East,1450,1800,1850,
2009,3,Jurong West,1300,1800,2000,2000
2009,3,Kallang/ Whampoa,1500,1930,2170,
2009,3,Marine Parade,1640,2000,,
2009,3,Pasir Ris,,1700,1800,1860
2009,3,Punggol,,1550,1700,
2009,3,Queenstown,1600,2050,2230,
2009,3,Sembawang,,1600,1700,
2009,3,Sengkang,,1600,1800,1900
2009,3,Serangoon,1500,1780,1800,
2009,3,Tampines,1500,1700,1900,
2009,3,Toa Payoh,1500,1900,,
2009,3,Woodlands,1200,1500,1600,1800
2009,3,Yishun,1300,1550,1650,
2009,2,Ang Mo Kio,1400,1700,1850,
2009,2,Bedok,1400,1630,1800,
2009,2,Bishan,,1780,1900,
2009,2,Bukit Batok,1400,1500,1850,
2009,2,Bukit Merah,1530,2000,2250,
2009,2,Bukit Panjang,,1500,1600,
2009,2,Bukit Timah,,,,
2009,2,Central,1600,,,
2009,2,Choa Chu Kang,,1600,1700,1900
2009,2,Clementi,1450,1800,,
2009,2,Geylang,1400,1650,,
2009,2,Hougang,1400,1600,1800,1850
2009,2,Jurong East,1400,1750,1800,
2009,2,Jurong West,1400,1700,1900,2000
2009,2,Kallang/ Whampoa,1500,1900,,
2009,2,Marine Parade,1600,,,
2009,2,Pasir Ris,,1600,1700,1800
2009,2,Punggol,,1550,1650,
2009,2,Queenstown,1500,2150,2150,
2009,2,Sembawang,,1600,1550,1700
2009,2,Sengkang,,1600,1700,
2009,2,Serangoon,1400,1600,,
2009,2,Tampines,1450,1700,1800,1900
2009,2,Toa Payoh,1500,1900,,
2009,2,Woodlands,1200,1500,1600,1800
2009,2,Yishun,1300,1500,1600,
2009,1,Ang Mo Kio,1500,1750,,
2009,1,Bedok,1460,1700,2000,
2009,1,Bishan,,1800,2080,
2009,1,Bukit Batok,1400,1750,,
2009,1,Bukit Merah,1600,2100,2500,
2009,1,Bukit Panjang,,1550,1680,
2009,1,Bukit Timah,,,,
2009,1,Central,1800,,,
2009,1,Choa Chu Kang,,1650,1800,
2009,1,Clementi,1500,1950,,
2009,1,Geylang,1400,1700,,
2009,1,Hougang,1400,1650,1800,
2009,1,Jurong East,1500,,1900,
2009,1,Jurong West,1400,1700,1900,2000
2009,1,Kallang/ Whampoa,1500,2000,,
2009,1,Marine Parade,1500,,,
2009,1,Pasir Ris,,1600,1800,1940
2009,1,Punggol,,1600,1700,
2009,1,Queenstown,1600,2000,,
2009,1,Sembawang,,1700,1650,
2009,1,Sengkang,,1700,1750,1800
2009,1,Serangoon,1500,1800,,
2009,1,Tampines,1500,1700,1880,2150
2009,1,Toa Payoh,1500,1900,,
2009,1,Woodlands,1230,1550,1700,2040
2009,1,Yishun,1300,1600,1800,
2008,4,Ang Mo Kio,1500,1900,2100,
2008,4,Bedok,1500,1800,2000,
2008,4,Bishan,,2000,2300,
2008,4,Bukit Batok,1500,1800,,
2008,4,Bukit Merah,1600,2300,2400,
2008,4,Bukit Panjang,,1600,1800,
2008,4,Bukit Timah,,,,
2008,4,Central,1900,,,
2008,4,Choa Chu Kang,,1750,1900,2100
2008,4,Clementi,1550,2000,,
2008,4,Geylang,1400,1750,,
2008,4,Hougang,1400,1800,1880,
2008,4,Jurong East,1550,1800,1900,
2008,4,Jurong West,1480,2000,2000,2100
2008,4,Kallang/ Whampoa,1500,2200,,
2008,4,Marine Parade,1500,,,
2008,4,Pasir Ris,,1700,2000,2200
2008,4,Punggol,,,1920,
2008,4,Queenstown,1700,2000,,
2008,4,Sembawang,,1630,1900,2000
2008,4,Sengkang,,1800,1950,
2008,4,Serangoon,1500,1800,,
2008,4,Tampines,1500,1800,2000,2300
2008,4,Toa Payoh,1600,2000,2200,
2008,4,Woodlands,1200,1600,1800,1980
2008,4,Yishun,1400,1630,1700,
2008,3,Ang Mo Kio,1500,1800,2170,
2008,3,Bedok,1400,1800,2050,
2008,3,Bishan,1500,1850,2200,
2008,3,Bukit Batok,1400,1780,2000,
2008,3,Bukit Merah,1700,2200,2600,
2008,3,Bukit Panjang,,1700,1900,
2008,3,Bukit Timah,,,,
2008,3,Central,1800,,,
2008,3,Choa Chu Kang,,1700,2000,2050
2008,3,Clementi,1630,1900,,
2008,3,Geylang,1500,1900,,
2008,3,Hougang,1400,1800,2000,
2008,3,Jurong East,1550,1900,1990,
2008,3,Jurong West,1300,1800,2100,2130
2008,3,Kallang/ Whampoa,1500,2000,,
2008,3,Marine Parade,1700,,,
2008,3,Pasir Ris,,1750,2000,2200
2008,3,Punggol,,1700,1900,
2008,3,Queenstown,1730,2000,2350,
2008,3,Sembawang,,1750,1900,
2008,3,Sengkang,,1600,1900,
2008,3,Serangoon,1500,1900,,
2008,3,Tampines,1500,1850,2000,2100
2008,3,Toa Payoh,1600,2050,,
2008,3,Woodlands,1300,1700,1800,2000
2008,3,Yishun,1400,1630,1800,
2008,2,Ang Mo Kio,1500,1730,2000,
2008,2,Bedok,1400,1700,2000,
2008,2,Bishan,1430,2000,2200,
2008,2,Bukit Batok,1400,1700,2150,
2008,2,Bukit Merah,1600,2300,2370,
2008,2,Bukit Panjang,,1600,1730,
2008,2,Bukit Timah,,,,
2008,2,Central,1800,,,
2008,2,Choa Chu Kang,,1700,1800,2000
2008,2,Clementi,1500,1900,,
2008,2,Geylang,1400,1800,,
2008,2,Hougang,1400,1800,2000,2000
2008,2,Jurong East,1400,1700,1800,
2008,2,Jurong West,1200,1700,2000,2000
2008,2,Kallang/ Whampoa,1400,1900,,
2008,2,Marine Parade,1750,,,
2008,2,Pasir Ris,,1600,1850,2200
2008,2,Punggol,,,1800,
2008,2,Queenstown,1530,1950,,
2008,2,Sembawang,,1600,1800,
2008,2,Sengkang,,1700,1850,2000
2008,2,Serangoon,1450,1730,,
2008,2,Tampines,1500,1800,2000,2300
2008,2,Toa Payoh,1500,2100,2200,
2008,2,Woodlands,1250,1600,1800,1900
2008,2,Yishun,1300,1600,1800,
2008,1,Ang Mo Kio,1300,1700,,
2008,1,Bedok,1400,1600,2000,1650
2008,1,Bishan,1480,1900,2200,
2008,1,Bukit Batok,1200,1500,,
2008,1,Bukit Merah,1500,2000,2500,
2008,1,Bukit Panjang,,1430,1730,
2008,1,Bukit Timah,,,,
2008,1,Central,1600,,,
2008,1,Choa Chu Kang,,1550,1800,
2008,1,Clementi,1400,1700,,
2008,1,Geylang,1150,1600,,
2008,1,Hougang,1000,1700,1730,
2008,1,Jurong East,1400,,1900,
2008,1,Jurong West,1250,1500,1800,2000
2008,1,Kallang/ Whampoa,1400,1950,2200,
2008,1,Marine Parade,1600,,,
2008,1,Pasir Ris,,1600,1800,2030
2008,1,Punggol,,1500,1800,
2008,1,Queenstown,1500,1800,,
2008,1,Sembawang,,1550,1800,1750
2008,1,Sengkang,,1700,1780,1800
2008,1,Serangoon,1280,1600,,
2008,1,Tampines,1480,1600,1950,2200
2008,1,Toa Payoh,1400,1780,,
2008,1,Woodlands,1200,1500,1700,2000
2008,1,Yishun,1350,1600,1800,
2007,4,Ang Mo Kio,1250,1500,1600,
2007,4,Bedok,1200,1400,1700,
2007,4,Bishan,,1600,1800,
2007,4,Bukit Batok,1200,1350,1800,
2007,4,Bukit Merah,1350,1800,1980,
2007,4,Bukit Panjang,,1500,1600,1900
2007,4,Bukit Timah,1150,,,
2007,4,Central,1300,,,
2007,4,Choa Chu Kang,900,1500,1700,1800
2007,4,Clementi,1300,1500,,
2007,4,Geylang,1200,1500,,
2007,4,Hougang,1200,1600,1500,
2007,4,Jurong East,1200,1400,1650,
2007,4,Jurong West,1200,1450,1600,1800
2007,4,Kallang/ Whampoa,1300,1600,,
2007,4,Marine Parade,1380,,,
2007,4,Pasir Ris,,1600,1800,1750
2007,4,Punggol,,,1800,
2007,4,Queenstown,1300,1630,,
2007,4,Sembawang,,1300,1700,
2007,4,Sengkang,,1600,1780,
2007,4,Serangoon,1350,1630,,
2007,4,Tampines,1350,1580,1900,
2007,4,Toa Payoh,1250,1700,,
2007,4,Woodlands,1100,1440,1600,1600
2007,4,Yishun,1100,1400,1500,
2007,3,Ang Mo Kio,1200,1400,1700,
2007,3,Bedok,1200,1400,1650,
2007,3,Bishan,,1500,1700,
2007,3,Bukit Batok,1150,1300,1500,
2007,3,Bukit Merah,1200,1500,2000,
2007,3,Bukit Panjang,,1400,1400,
2007,3,Bukit Timah,,,,
2007,3,Central,1200,,,
2007,3,Choa Chu Kang,,1330,1480,1750
2007,3,Clementi,1150,1400,,
2007,3,Geylang,1200,1430,,
2007,3,Hougang,1120,1300,1600,
2007,3,Jurong East,1200,1250,1530,
2007,3,Jurong West,1000,1250,1500,1650
2007,3,Kallang/ Whampoa,1180,1400,1700,
2007,3,Marine Parade,1250,1700,,
2007,3,Pasir Ris,,1300,1500,1800
2007,3,Punggol,,,1500,
2007,3,Queenstown,1200,1600,1800,
2007,3,Sembawang,,,1500,
2007,3,Sengkang,,1380,1600,1730
2007,3,Serangoon,1050,1500,,
2007,3,Tampines,1200,1500,1600,1850
2007,3,Toa Payoh,1100,1500,,
2007,3,Woodlands,1000,1250,1400,1600
2007,3,Yishun,1100,1200,1540,
